Date,Cnc_Program_Name_RT,Cnc_Tool_Number_RT,System_IOLINK_CounterweightPressure,Axis_FeedRate_actual,Axis_Y_positionActualMCS_mm_d10000,System_IOLINK_HydraulicPressure,Axis_Y_power_percent,System_isHydraulicsOn,Axis_Z_positionActualMCS_mm_d10000,Axis_Z_power_percent,Cnc_Override_Axis
2020-05-17T06:57:01.685Z,contrapeso.H,0,169,0,7872995,146,13,1,14878923,0,100
2020-05-17T06:57:02.685Z,contrapeso.H,0,169,0,7872995,150,13,1,14878923,0,100
2020-05-17T06:57:03.685Z,contrapeso.H,0,169,0,7872996,155,13,1,14878923,0,100
2020-05-17T06:57:04.685Z,contrapeso.H,0,169,0,7872995,160,12,1,14878923,0,100
2020-05-17T06:57:05.685Z,contrapeso.H,0,169,0,7872995,165,12,1,14878923,0,100
2020-05-17T06:57:06.685Z,contrapeso.H,0,169,0,7872996,169,12,1,14878923,0,100
2020-05-17T06:57:07.685Z,contrapeso.H,0,169,0,7872995,168,12,1,14878923,0,100
2020-05-17T06:57:08.685Z,contrapeso.H,0,169,0,7872995,167,12,1,14878923,0,100
2020-05-17T06:57:09.685Z,contrapeso.H,0,169,0,7872995,165,12,1,14878923,0,100
2020-05-17T06:57:10.686Z,contrapeso.H,0,169,0,7872996,164,12,1,14878923,0,100
2020-05-17T06:57:11.685Z,contrapeso.H,0,169,0,7872996,163,12,1,14878923,0,100
2020-05-17T06:57:12.685Z,contrapeso.H,0,169,0,7872995,162,12,1,14878923,0,100
2020-05-17T06:57:13.685Z,contrapeso.H,0,169,0,7872995,160,12,1,14878923,0,100
2020-05-17T06:57:14.685Z,contrapeso.H,0,169,0,7872995,159,12,1,14878923,0,100
2020-05-17T06:57:15.685Z,contrapeso.H,0,169,0,7872995,158,12,1,14878923,0,100
2020-05-17T06:57:16.686Z,contrapeso.H,0,169,0,7872996,157,12,1,14878923,0,100
2020-05-17T06:57:17.685Z,contrapeso.H,0,169,0,7872995,156,12,1,14878923,0,100
2020-05-17T06:57:18.685Z,contrapeso.H,0,169,0,7872995,155,12,1,14878923,0,100
2020-05-17T06:57:19.685Z,contrapeso.H,0,169,0,7872995,154,12,1,14878923,0,100
2020-05-17T06:57:20.685Z,contrapeso.H,0,169,0,7872995,153,12,1,14878923,0,100
2020-05-17T06:57:21.686Z,contrapeso.H,0,169,0,7872995,152,12,1,14878923,0,100
2020-05-17T06:57:22.685Z,contrapeso.H,0,169,0,7872995,151,12,1,14878923,0,100
2020-05-17T06:57:23.686Z,contrapeso.H,0,169,0,7872996,150,12,1,14878923,0,100
2020-05-17T06:57:24.685Z,contrapeso.H,0,169,0,7872995,149,12,1,14878923,0,100
2020-05-17T06:57:25.685Z,contrapeso.H,0,169,0,7872995,148,12,1,14878923,0,100
2020-05-17T06:57:26.686Z,contrapeso.H,0,169,0,7872995,148,12,1,14878923,0,100
2020-05-17T06:57:27.685Z,contrapeso.H,0,169,0,7872995,147,12,1,14878923,0,100
2020-05-17T06:57:28.685Z,contrapeso.H,0,169,0,7872996,146,12,1,14878923,0,100
2020-05-17T06:57:29.685Z,contrapeso.H,0,169,0,7872995,145,12,1,14878923,0,100
2020-05-17T06:57:30.685Z,contrapeso.H,0,169,0,7872995,146,12,1,14878923,0,100
2020-05-17T06:57:31.685Z,contrapeso.H,0,169,0,7872995,146,12,1,14878923,0,100
2020-05-17T06:57:32.686Z,contrapeso.H,0,169,0,7872995,150,11,1,14878923,0,100
2020-05-17T06:57:33.685Z,contrapeso.H,0,169,0,7872995,155,11,1,14878923,0,100
2020-05-17T06:57:34.685Z,contrapeso.H,0,169,0,7872996,160,11,1,14878923,0,100
2020-05-17T06:57:35.686Z,contrapeso.H,0,169,0,7872995,165,11,1,14878923,0,100
2020-05-17T06:57:36.685Z,contrapeso.H,0,169,0,7872995,169,12,1,14878923,0,100
2020-05-17T06:57:37.685Z,contrapeso.H,0,169,0,7872995,168,12,1,14878923,0,100
2020-05-17T06:57:38.685Z,contrapeso.H,0,169,0,7872995,167,11,1,14878923,0,100
2020-05-17T06:57:39.685Z,contrapeso.H,0,169,0,7872995,165,11,1,14878923,0,100
2020-05-17T06:57:40.685Z,contrapeso.H,0,169,0,7872995,164,11,1,14878923,0,100
2020-05-17T06:57:41.685Z,contrapeso.H,0,169,0,7872996,163,11,1,14878923,0,100
2020-05-17T06:57:42.685Z,contrapeso.H,0,169,0,7872995,162,11,1,14878923,0,100
2020-05-17T06:57:43.685Z,contrapeso.H,0,169,0,7872995,160,11,1,14878923,0,100
2020-05-17T06:57:44.685Z,contrapeso.H,0,169,0,7872996,159,11,1,14878923,0,100
2020-05-17T06:57:45.685Z,contrapeso.H,0,169,0,7872995,158,11,1,14878923,0,100
2020-05-17T06:57:46.685Z,contrapeso.H,0,169,0,7872995,157,11,1,14878923,0,100
2020-05-17T06:57:47.685Z,contrapeso.H,0,169,0,7872995,156,11,1,14878923,0,100
2020-05-17T06:57:48.685Z,contrapeso.H,0,169,0,7872995,155,11,1,14878923,0,100
2020-05-17T06:57:49.685Z,contrapeso.H,0,169,0,7872995,154,11,1,14878923,0,100
2020-05-17T06:57:50.686Z,contrapeso.H,0,169,0,7872995,153,11,1,14878923,0,100
2020-05-17T06:57:51.685Z,contrapeso.H,0,169,0,7872995,152,11,1,14878923,0,100
2020-05-17T06:57:52.685Z,contrapeso.H,0,169,0,7872996,151,11,1,14878923,0,100
2020-05-17T06:57:53.685Z,contrapeso.H,0,169,0,7872995,150,11,1,14878923,0,100
2020-05-17T06:57:54.686Z,contrapeso.H,0,169,0,7872995,149,11,1,14878923,0,100
2020-05-17T06:57:55.686Z,contrapeso.H,0,169,0,7872995,148,11,1,14878923,0,100
2020-05-17T06:57:56.685Z,contrapeso.H,0,169,0,7872995,148,11,1,14878923,0,100
2020-05-17T06:57:57.685Z,contrapeso.H,0,169,0,7872995,147,11,1,14878923,0,100
2020-05-17T06:57:58.685Z,contrapeso.H,0,169,0,7872995,146,11,1,14878923,0,100
2020-05-17T06:57:59.686Z,contrapeso.H,0,169,0,7872996,145,11,1,14878923,0,100
2020-05-17T06:58:00.685Z,contrapeso.H,0,169,0,7872995,146,11,1,14878923,0,100
2020-05-17T06:58:01.685Z,contrapeso.H,0,169,0,7872995,150,11,1,14878923,0,100
2020-05-17T06:58:02.685Z,contrapeso.H,0,169,0,7872995,155,11,1,14878923,0,100
2020-05-17T06:58:03.685Z,contrapeso.H,0,169,0,7872995,160,11,1,14878923,0,100
2020-05-17T06:58:04.685Z,contrapeso.H,0,169,0,7872995,165,11,1,14878923,0,100
2020-05-17T06:58:05.685Z,contrapeso.H,0,169,0,7872995,165,11,1,14878923,0,100
2020-05-17T06:58:06.685Z,contrapeso.H,0,169,0,7872996,169,11,1,14878923,0,100
2020-05-17T06:58:07.686Z,contrapeso.H,0,169,0,7872995,168,11,1,14878923,0,100
2020-05-17T06:58:08.686Z,contrapeso.H,0,169,0,7872995,167,11,1,14878923,0,100
2020-05-17T06:58:09.685Z,contrapeso.H,0,169,0,7872995,165,11,1,14878923,0,100
2020-05-17T06:58:10.685Z,contrapeso.H,0,169,0,7872995,164,11,1,14878923,0,100
2020-05-17T06:58:11.685Z,contrapeso.H,0,169,0,7872995,163,11,1,14878923,0,100
2020-05-17T06:58:12.685Z,contrapeso.H,0,169,0,7872995,162,11,1,14878923,0,100
2020-05-17T06:58:13.685Z,contrapeso.H,0,170,0,7872995,160,11,1,14878923,0,100
2020-05-17T06:58:14.685Z,contrapeso.H,0,170,0,7872995,159,11,1,14878923,0,100
2020-05-17T06:58:15.686Z,contrapeso.H,0,170,0,7872996,158,11,1,14878923,0,100
2020-05-17T06:58:16.685Z,contrapeso.H,0,170,0,7872995,157,11,1,14878923,0,100
2020-05-17T06:58:17.686Z,contrapeso.H,0,170,0,7872995,156,11,1,14878923,0,100
2020-05-17T06:58:18.685Z,contrapeso.H,0,170,0,7872995,155,11,1,14878923,0,100
2020-05-17T06:58:19.685Z,contrapeso.H,0,170,0,7872996,154,11,1,14878923,0,100
2020-05-17T06:58:20.686Z,contrapeso.H,0,170,0,7872995,153,11,1,14878923,0,100
2020-05-17T06:58:21.686Z,contrapeso.H,0,170,0,7872995,152,11,1,14878923,0,100
2020-05-17T06:58:22.685Z,contrapeso.H,0,170,0,7872995,151,11,1,14878923,0,100
2020-05-17T06:58:23.685Z,contrapeso.H,0,170,0,7872996,150,11,1,14878923,0,100
2020-05-17T06:58:24.685Z,contrapeso.H,0,170,0,7872995,149,11,1,14878923,0,100
2020-05-17T06:58:25.685Z,contrapeso.H,0,170,0,7872995,148,11,1,14878923,0,100
2020-05-17T06:58:26.686Z,contrapeso.H,0,170,0,7872996,147,11,1,14878923,0,100
2020-05-17T06:58:27.685Z,contrapeso.H,0,170,0,7872995,147,11,1,14878923,0,100
2020-05-17T06:58:28.685Z,contrapeso.H,0,170,0,7872995,146,11,1,14878923,0,100
2020-05-17T06:58:29.685Z,contrapeso.H,0,170,0,7872995,145,11,1,14878923,0,100
2020-05-17T06:58:30.685Z,contrapeso.H,0,170,0,7872996,146,11,1,14878923,0,100
2020-05-17T06:58:31.685Z,contrapeso.H,0,170,0,7872995,150,11,1,14878923,0,100
2020-05-17T06:58:32.685Z,contrapeso.H,0,170,0,7872995,155,11,1,14878923,0,100
2020-05-17T06:58:33.685Z,contrapeso.H,0,170,0,7872995,160,11,1,14878923,0,100
2020-05-17T06:58:34.685Z,contrapeso.H,0,170,0,7872996,165,11,1,14878923,0,100
2020-05-17T06:58:35.685Z,contrapeso.H,0,170,0,7872995,169,11,1,14878923,0,100
2020-05-17T06:58:36.685Z,contrapeso.H,0,170,0,7872996,168,11,1,14878923,0,100
2020-05-17T06:58:37.685Z,contrapeso.H,0,170,0,7872995,167,11,1,14878923,0,100
2020-05-17T06:58:38.686Z,contrapeso.H,0,170,0,7872995,165,11,1,14878923,0,100
2020-05-17T06:58:39.685Z,contrapeso.H,0,170,0,7872995,164,11,1,14878923,0,100
2020-05-17T06:58:40.685Z,contrapeso.H,0,170,0,7872995,164,11,1,14878923,0,100
2020-05-17T06:58:41.685Z,contrapeso.H,0,170,0,7872995,163,11,1,14878923,0,100
2020-05-17T06:58:42.685Z,contrapeso.H,0,170,0,7872995,162,11,1,14878923,0,100
2020-05-17T06:58:43.685Z,contrapeso.H,0,170,0,7872996,160,11,1,14878923,0,100
2020-05-17T06:58:44.685Z,contrapeso.H,0,170,0,7872995,159,11,1,14878923,0,100
2020-05-17T06:58:45.685Z,contrapeso.H,0,170,0,7872995,158,11,1,14878923,0,100
2020-05-17T06:58:46.685Z,contrapeso.H,0,170,0,7872996,157,11,1,14878923,0,100
2020-05-17T06:58:47.686Z,contrapeso.H,0,170,0,7872995,156,11,1,14878923,0,100
2020-05-17T06:58:48.685Z,contrapeso.H,0,170,0,7872995,155,11,1,14878923,0,100
2020-05-17T06:58:49.685Z,contrapeso.H,0,170,0,7872995,154,11,1,14878923,0,100
2020-05-17T06:58:50.686Z,contrapeso.H,0,170,0,7872995,153,11,1,14878923,0,100
2020-05-17T06:58:51.686Z,contrapeso.H,0,170,0,7872995,152,11,1,14878923,0,100
2020-05-17T06:58:52.685Z,contrapeso.H,0,170,0,7872996,151,11,1,14878923,0,100
2020-05-17T06:58:53.686Z,contrapeso.H,0,170,0,7872995,150,11,1,14878923,0,100
2020-05-17T06:58:54.686Z,contrapeso.H,0,170,0,7872995,149,11,1,14878923,0,100
2020-05-17T06:58:55.686Z,contrapeso.H,0,170,0,7872995,148,11,1,14878923,0,100
2020-05-17T06:58:56.685Z,contrapeso.H,0,170,0,7872995,147,11,1,14878923,0,100
2020-05-17T06:58:57.685Z,contrapeso.H,0,170,0,7872996,147,11,1,14878923,0,100
2020-05-17T06:58:58.685Z,contrapeso.H,0,170,0,7872995,146,11,1,14878923,0,100
2020-05-17T06:58:59.685Z,contrapeso.H,0,170,0,7872995,145,11,1,14878923,0,100
2020-05-17T06:59:00.685Z,contrapeso.H,0,170,0,7872995,146,11,1,14878923,0,100
2020-05-17T06:59:01.685Z,contrapeso.H,0,170,0,7872995,150,11,1,14878923,0,100
2020-05-17T06:59:02.685Z,contrapeso.H,0,170,0,7872995,155,11,1,14878923,0,100
2020-05-17T06:59:03.685Z,contrapeso.H,0,170,0,7872996,160,10,1,14878923,0,100
2020-05-17T06:59:04.685Z,contrapeso.H,0,170,0,7872995,165,10,1,14878923,0,100
2020-05-17T06:59:05.686Z,contrapeso.H,0,170,0,7872996,169,10,1,14878923,0,100
2020-05-17T06:59:06.685Z,contrapeso.H,0,170,0,7872995,168,11,1,14878923,0,100
2020-05-17T06:59:07.685Z,contrapeso.H,0,170,0,7872995,167,11,1,14878923,0,100
2020-05-17T06:59:08.686Z,contrapeso.H,0,170,0,7872995,165,11,1,14878923,0,100
2020-05-17T06:59:09.685Z,contrapeso.H,0,170,0,7872995,164,11,1,14878923,0,100
2020-05-17T06:59:10.685Z,contrapeso.H,0,170,0,7872996,163,11,1,14878923,0,100
2020-05-17T06:59:11.686Z,contrapeso.H,0,170,0,7872995,162,11,1,14878923,0,100
2020-05-17T06:59:12.685Z,contrapeso.H,0,170,0,7872995,160,11,1,14878923,0,100
2020-05-17T06:59:13.686Z,contrapeso.H,0,170,0,7872995,160,11,1,14878923,0,100
2020-05-17T06:59:14.685Z,contrapeso.H,0,170,0,7872996,159,11,1,14878923,0,100
2020-05-17T06:59:15.685Z,contrapeso.H,0,170,0,7872995,158,10,1,14878923,0,100
2020-05-17T06:59:16.685Z,contrapeso.H,0,170,0,7872995,157,10,1,14878923,0,100
2020-05-17T06:59:17.685Z,contrapeso.H,0,170,0,7872995,156,10,1,14878923,0,100
2020-05-17T06:59:18.685Z,contrapeso.H,0,170,0,7872995,155,10,1,14878923,0,100
2020-05-17T06:59:19.685Z,contrapeso.H,0,170,0,7872995,154,11,1,14878923,0,100
2020-05-17T06:59:20.686Z,contrapeso.H,0,170,0,7872995,153,11,1,14878923,0,100
2020-05-17T06:59:21.685Z,contrapeso.H,0,170,0,7872995,152,11,1,14878923,0,100
2020-05-17T06:59:22.685Z,contrapeso.H,0,170,0,7872996,151,10,1,14878923,0,100
2020-05-17T06:59:23.685Z,contrapeso.H,0,170,0,7872995,150,10,1,14878923,0,100
2020-05-17T06:59:24.686Z,contrapeso.H,0,170,0,7872995,149,10,1,14878923,0,100
2020-05-17T06:59:25.685Z,contrapeso.H,0,170,0,7872995,148,10,1,14878923,0,100
2020-05-17T06:59:26.685Z,contrapeso.H,0,170,0,7872995,147,10,1,14878923,0,100
2020-05-17T06:59:27.685Z,contrapeso.H,0,170,0,7872995,146,10,1,14878923,0,100
2020-05-17T06:59:28.685Z,contrapeso.H,0,170,0,7872995,146,10,1,14878923,0,100
2020-05-17T06:59:29.685Z,contrapeso.H,0,170,0,7872996,145,10,1,14878923,0,100
2020-05-17T06:59:30.686Z,contrapeso.H,0,170,0,7872995,146,10,1,14878923,0,100
2020-05-17T06:59:31.685Z,contrapeso.H,0,170,0,7872995,150,10,1,14878923,0,100
2020-05-17T06:59:32.686Z,contrapeso.H,0,170,0,7872995,155,10,1,14878923,0,100
2020-05-17T06:59:33.705Z,contrapeso.H,0,170,0,7872995,160,10,1,14878923,0,100
2020-05-17T06:59:34.705Z,contrapeso.H,0,170,0,7872996,165,10,1,14878923,0,100
2020-05-17T06:59:35.705Z,contrapeso.H,0,170,0,7872995,169,10,1,14878923,0,100
2020-05-17T06:59:36.705Z,contrapeso.H,0,170,0,7872995,168,10,1,14878923,0,100
2020-05-17T06:59:37.705Z,contrapeso.H,0,170,0,7872995,167,10,1,14878923,0,100
2020-05-17T06:59:38.705Z,contrapeso.H,0,170,0,7872995,165,10,1,14878923,0,100
2020-05-17T06:59:39.705Z,contrapeso.H,0,170,0,7872995,164,10,1,14878923,0,100
2020-05-17T06:59:40.705Z,contrapeso.H,0,170,0,7872995,163,10,1,14878923,0,100
2020-05-17T06:59:41.705Z,contrapeso.H,0,170,0,7872995,162,10,1,14878923,0,100
2020-05-17T06:59:42.705Z,contrapeso.H,0,170,0,7872995,160,10,1,14878923,0,100
2020-05-17T06:59:43.705Z,contrapeso.H,0,170,0,7872995,159,10,1,14878923,0,100
2020-05-17T06:59:44.705Z,contrapeso.H,0,170,0,7872995,158,10,1,14878923,0,100
2020-05-17T06:59:45.705Z,contrapeso.H,0,170,0,7872995,157,10,1,14878923,0,100
2020-05-17T06:59:46.705Z,contrapeso.H,0,170,0,7872995,156,10,1,14878923,0,100
2020-05-17T06:59:47.705Z,contrapeso.H,0,170,0,7872995,156,10,1,14878923,0,100
2020-05-17T06:59:48.705Z,contrapeso.H,0,170,0,7872995,155,10,1,14878923,0,100
2020-05-17T06:59:49.705Z,contrapeso.H,0,170,0,7872996,154,10,1,14878923,0,100
2020-05-17T06:59:50.705Z,contrapeso.H,0,170,0,7872995,153,11,1,14878923,0,100
2020-05-17T06:59:51.705Z,contrapeso.H,0,170,0,7872995,152,11,1,14878923,0,100
2020-05-17T06:59:52.705Z,contrapeso.H,0,170,0,7872995,151,11,1,14878923,0,100
2020-05-17T06:59:53.705Z,contrapeso.H,0,170,0,7872995,150,11,1,14878923,0,100
2020-05-17T06:59:54.705Z,contrapeso.H,0,170,0,7872995,149,10,1,14878923,0,100
2020-05-17T06:59:55.705Z,contrapeso.H,0,170,0,7872996,148,10,1,14878923,0,100
2020-05-17T06:59:56.705Z,contrapeso.H,0,170,0,7872995,147,10,1,14878923,0,100
2020-05-17T06:59:57.705Z,contrapeso.H,0,170,0,7872995,146,10,1,14878923,0,100
2020-05-17T06:59:58.705Z,contrapeso.H,0,170,0,7872996,146,10,1,14878923,0,100
2020-05-17T06:59:59.705Z,contrapeso.H,0,170,0,7872996,145,10,1,14878923,0,100
2020-05-17T07:00:00.705Z,contrapeso.H,0,170,0,7872995,146,10,1,14878923,0,100
2020-05-17T07:00:01.705Z,contrapeso.H,0,170,0,7872995,150,10,1,14878923,0,100
2020-05-17T07:00:02.705Z,contrapeso.H,0,170,0,7872995,155,10,1,14878923,0,100
2020-05-17T07:00:03.705Z,contrapeso.H,0,170,0,7872996,160,10,1,14878923,0,100
2020-05-17T07:00:04.705Z,contrapeso.H,0,170,0,7872995,165,10,1,14878923,0,100
2020-05-17T07:00:05.705Z,contrapeso.H,0,170,0,7872995,169,10,1,14878923,0,100
2020-05-17T07:00:06.705Z,contrapeso.H,0,170,0,7872995,168,10,1,14878923,0,100
2020-05-17T07:00:07.705Z,contrapeso.H,0,170,0,7872995,167,10,1,14878923,0,100
2020-05-17T07:00:08.705Z,contrapeso.H,0,170,0,7872995,165,10,1,14878923,0,100
2020-05-17T07:00:09.705Z,contrapeso.H,0,170,0,7872995,164,11,1,14878922,0,100
2020-05-17T07:00:10.705Z,contrapeso.H,0,170,0,7872995,163,12,1,14878922,0,100
2020-05-17T07:00:11.705Z,contrapeso.H,0,170,0,7872995,162,12,1,14878923,0,100
2020-05-17T07:00:12.705Z,contrapeso.H,0,170,0,7872996,160,12,1,14878923,0,100
2020-05-17T07:00:13.705Z,contrapeso.H,0,170,0,7872995,159,13,1,14878923,0,100
2020-05-17T07:00:14.705Z,contrapeso.H,0,170,0,7872995,158,12,1,14878923,0,100
2020-05-17T07:00:15.705Z,contrapeso.H,0,170,0,7872996,157,12,1,14878923,0,100
2020-05-17T07:00:16.705Z,contrapeso.H,0,170,0,7872995,156,12,1,14878923,0,100
2020-05-17T07:00:17.705Z,contrapeso.H,0,170,0,7872995,155,12,1,14878923,0,100
2020-05-17T07:00:18.705Z,contrapeso.H,0,170,0,7872996,154,12,1,14878923,0,100
2020-05-17T07:00:19.705Z,contrapeso.H,0,170,0,7872996,153,12,1,14878923,0,100
2020-05-17T07:00:20.705Z,contrapeso.H,0,170,0,7872995,152,12,1,14878923,0,100
2020-05-17T07:00:21.705Z,contrapeso.H,0,170,0,7872995,151,11,1,14878923,0,100
2020-05-17T07:00:22.705Z,contrapeso.H,0,170,0,7872995,150,11,1,14878923,0,100
2020-05-17T07:00:23.705Z,contrapeso.H,0,170,0,7872995,150,11,1,14878923,0,100
2020-05-17T07:00:24.705Z,contrapeso.H,0,170,0,7872996,149,11,1,14878923,0,100
2020-05-17T07:00:25.705Z,contrapeso.H,0,170,0,7872995,148,11,1,14878923,0,100
2020-05-17T07:00:26.705Z,contrapeso.H,0,170,0,7872995,147,11,1,14878923,0,100
2020-05-17T07:00:27.705Z,contrapeso.H,0,170,0,7872995,146,11,1,14878923,0,100
2020-05-17T07:00:28.705Z,contrapeso.H,0,170,0,7872996,146,11,1,14878923,0,100
2020-05-17T07:00:29.705Z,contrapeso.H,0,170,0,7872995,145,11,1,14878923,0,100
2020-05-17T07:00:30.705Z,contrapeso.H,0,170,0,7872995,146,11,1,14878923,0,100
2020-05-17T07:00:31.705Z,contrapeso.H,0,170,0,7872995,150,11,1,14878923,0,100
2020-05-17T07:00:32.705Z,contrapeso.H,0,170,0,7872995,155,10,1,14878923,0,100
2020-05-17T07:00:33.705Z,contrapeso.H,0,170,0,7872996,160,10,1,14878923,0,100
2020-05-17T07:00:34.705Z,contrapeso.H,0,170,0,7872995,165,10,1,14878923,0,100
2020-05-17T07:00:35.705Z,contrapeso.H,0,170,0,7872996,169,10,1,14878923,0,100
2020-05-17T07:00:36.705Z,contrapeso.H,0,170,0,7872995,168,10,1,14878923,0,100
2020-05-17T07:00:37.705Z,contrapeso.H,0,170,0,7872996,167,10,1,14878923,0,100
2020-05-17T07:00:38.705Z,contrapeso.H,0,170,0,7872995,165,10,1,14878923,0,100
2020-05-17T07:00:39.705Z,contrapeso.H,0,170,0,7872995,164,10,1,14878923,0,100
2020-05-17T07:00:40.706Z,contrapeso.H,0,170,0,7872996,163,10,1,14878923,0,100
2020-05-17T07:00:41.705Z,contrapeso.H,0,170,0,7872995,162,10,1,14878923,0,100
2020-05-17T07:00:42.705Z,contrapeso.H,0,170,0,7872996,160,10,1,14878923,0,100
2020-05-17T07:00:43.705Z,contrapeso.H,0,170,0,7872995,159,10,1,14878923,0,100
2020-05-17T07:00:44.705Z,contrapeso.H,0,170,0,7872995,158,10,1,14878923,0,100
2020-05-17T07:00:45.705Z,contrapeso.H,0,170,0,7872995,157,10,1,14878923,0,100
2020-05-17T07:00:46.705Z,contrapeso.H,0,170,0,7872995,156,10,1,14878923,0,100
2020-05-17T07:00:47.705Z,contrapeso.H,0,170,0,7872995,155,10,1,14878923,0,100
2020-05-17T07:00:48.705Z,contrapeso.H,0,170,0,7872995,154,10,1,14878923,0,100
2020-05-17T07:00:49.705Z,contrapeso.H,0,170,0,7872995,153,10,1,14878923,0,100
2020-05-17T07:00:50.706Z,contrapeso.H,0,170,0,7872995,152,10,1,14878923,0,100
2020-05-17T07:00:51.705Z,contrapeso.H,0,170,0,7872996,151,10,1,14878923,0,100
2020-05-17T07:00:52.705Z,contrapeso.H,0,170,0,7872995,150,10,1,14878923,0,100
2020-05-17T07:00:53.705Z,contrapeso.H,0,170,0,7872995,149,10,1,14878923,0,100
2020-05-17T07:00:54.705Z,contrapeso.H,0,170,0,7872995,149,10,1,14878923,0,100
2020-05-17T07:00:55.705Z,contrapeso.H,0,170,0,7872996,148,10,1,14878923,0,100
2020-05-17T07:00:56.705Z,contrapeso.H,0,170,0,7872995,147,10,1,14878923,0,100
2020-05-17T07:00:57.705Z,contrapeso.H,0,170,0,7872995,146,10,1,14878923,0,100
2020-05-17T07:00:58.705Z,contrapeso.H,0,170,0,7872995,145,10,1,14878923,0,100
2020-05-17T07:00:59.705Z,contrapeso.H,0,170,0,7872995,145,10,1,14878923,0,100
2020-05-17T07:01:00.705Z,contrapeso.H,0,170,0,7872996,146,10,1,14878923,0,100
2020-05-17T07:01:01.705Z,contrapeso.H,0,170,0,7872995,150,10,1,14878923,0,100
2020-05-17T07:01:02.705Z,contrapeso.H,0,170,0,7872995,155,10,1,14878923,0,100
2020-05-17T07:01:03.705Z,contrapeso.H,0,170,0,7872996,160,10,1,14878923,0,100
2020-05-17T07:01:04.705Z,contrapeso.H,0,170,0,7872995,165,10,1,14878923,0,100
2020-05-17T07:01:05.705Z,contrapeso.H,0,170,0,7872995,169,10,1,14878923,0,100
2020-05-17T07:01:06.705Z,contrapeso.H,0,170,0,7872995,168,10,1,14878923,0,100
2020-05-17T07:01:07.705Z,contrapeso.H,0,170,0,7872995,167,10,1,14878923,0,100
2020-05-17T07:01:08.705Z,contrapeso.H,0,170,0,7872995,165,10,1,14878923,0,100
2020-05-17T07:01:09.705Z,contrapeso.H,0,170,0,7872996,164,10,1,14878923,0,100
2020-05-17T07:01:10.705Z,contrapeso.H,0,170,0,7872995,163,10,1,14878923,0,100
2020-05-17T07:01:11.705Z,contrapeso.H,0,170,0,7872995,162,10,1,14878923,0,100
2020-05-17T07:01:12.705Z,contrapeso.H,0,170,0,7872996,160,10,1,14878923,0,100
2020-05-17T07:01:13.705Z,contrapeso.H,0,170,0,7872995,159,10,1,14878923,0,100
2020-05-17T07:01:14.705Z,contrapeso.H,0,170,0,7872995,158,10,1,14878923,0,100
2020-05-17T07:01:15.705Z,contrapeso.H,0,170,0,7872995,157,10,1,14878923,0,100
2020-05-17T07:01:16.705Z,contrapeso.H,0,170,0,7872995,156,10,1,14878923,0,100
2020-05-17T07:01:17.705Z,contrapeso.H,0,170,0,7872995,155,10,1,14878923,0,100
2020-05-17T07:01:18.705Z,contrapeso.H,0,170,0,7872996,154,10,1,14878923,0,100
2020-05-17T07:01:19.705Z,contrapeso.H,0,170,0,7872995,153,10,1,14878923,0,100
2020-05-17T07:01:20.705Z,contrapeso.H,0,170,0,7872995,152,10,1,14878923,0,100
2020-05-17T07:01:21.706Z,contrapeso.H,0,170,0,7872995,151,10,1,14878923,0,100
2020-05-17T07:01:22.705Z,contrapeso.H,0,170,0,7872995,150,10,1,14878923,0,100
2020-05-17T07:01:23.705Z,contrapeso.H,0,170,0,7872995,149,10,1,14878923,0,100
2020-05-17T07:01:24.705Z,contrapeso.H,0,170,0,7872995,148,10,1,14878923,0,100
2020-05-17T07:01:25.705Z,contrapeso.H,0,170,0,7872996,148,10,1,14878923,0,100
2020-05-17T07:01:26.705Z,contrapeso.H,0,170,0,7872995,147,10,1,14878923,0,100
2020-05-17T07:01:27.705Z,contrapeso.H,0,170,0,7872995,146,10,1,14878923,0,100
2020-05-17T07:01:28.705Z,contrapeso.H,0,170,0,7872996,145,10,1,14878923,0,100
2020-05-17T07:01:29.705Z,contrapeso.H,0,170,0,7872995,146,10,1,14878923,0,100
2020-05-17T07:01:30.705Z,contrapeso.H,0,170,0,7872995,146,10,1,14878923,0,100
2020-05-17T07:01:31.705Z,contrapeso.H,0,170,0,7872995,150,10,1,14878923,0,100
2020-05-17T07:01:32.705Z,contrapeso.H,0,170,0,7872995,155,10,1,14878923,0,100
2020-05-17T07:01:33.705Z,contrapeso.H,0,170,0,7872996,160,10,1,14878923,0,100
2020-05-17T07:01:34.705Z,contrapeso.H,0,170,0,7872995,165,10,1,14878923,0,100
2020-05-17T07:01:35.705Z,contrapeso.H,0,170,0,7872995,169,10,1,14878923,0,100
2020-05-17T07:01:36.705Z,contrapeso.H,0,170,0,7872996,168,10,1,14878923,0,100
2020-05-17T07:01:37.705Z,contrapeso.H,0,170,0,7872995,167,10,1,14878923,0,100
2020-05-17T07:01:38.705Z,contrapeso.H,0,170,0,7872995,165,10,1,14878923,0,100
2020-05-17T07:01:39.705Z,contrapeso.H,0,170,0,7872996,164,10,1,14878923,0,100
2020-05-17T07:01:40.705Z,contrapeso.H,0,170,0,7872995,163,10,1,14878923,0,100
2020-05-17T07:01:41.705Z,contrapeso.H,0,170,0,7872995,162,10,1,14878923,0,100
2020-05-17T07:01:42.705Z,contrapeso.H,0,170,0,7872995,160,10,1,14878923,0,100
2020-05-17T07:01:43.705Z,contrapeso.H,0,170,0,7872996,159,10,1,14878923,0,100
2020-05-17T07:01:44.705Z,contrapeso.H,0,170,0,7872995,158,10,1,14878923,0,100
2020-05-17T07:01:45.705Z,contrapeso.H,0,170,0,7872995,157,10,1,14878923,0,100
2020-05-17T07:01:46.705Z,contrapeso.H,0,170,0,7872995,156,10,1,14878923,0,100
2020-05-17T07:01:47.705Z,contrapeso.H,0,170,0,7872995,155,10,1,14878923,0,100
2020-05-17T07:01:48.705Z,contrapeso.H,0,170,0,7872996,154,10,1,14878923,0,100
2020-05-17T07:01:49.705Z,contrapeso.H,0,170,0,7872995,153,10,1,14878923,0,100
2020-05-17T07:01:50.705Z,contrapeso.H,0,170,0,7872995,152,10,1,14878923,0,100
2020-05-17T07:01:51.705Z,contrapeso.H,0,170,0,7872996,151,10,1,14878923,0,100
2020-05-17T07:01:52.705Z,contrapeso.H,0,170,0,7872995,150,10,1,14878923,0,100
2020-05-17T07:01:53.705Z,contrapeso.H,0,170,0,7872995,149,10,1,14878923,0,100
2020-05-17T07:01:54.705Z,contrapeso.H,0,170,0,7872995,148,10,1,14878923,0,100
2020-05-17T07:01:55.705Z,contrapeso.H,0,170,0,7872995,148,10,1,14878923,0,100
2020-05-17T07:01:56.705Z,contrapeso.H,0,170,0,7872995,147,10,1,14878923,0,100
2020-05-17T07:01:57.705Z,contrapeso.H,0,170,0,7872996,146,10,1,14878923,0,100
2020-05-17T07:01:58.705Z,contrapeso.H,0,170,0,7872995,145,10,1,14878923,0,100
2020-05-17T07:01:59.705Z,contrapeso.H,0,170,0,7872995,146,10,1,14878923,0,100
2020-05-17T07:02:00.705Z,contrapeso.H,0,170,0,7872996,150,10,1,14878923,0,100
2020-05-17T07:02:01.705Z,contrapeso.H,0,170,0,7872995,155,10,1,14878923,0,100
2020-05-17T07:02:02.705Z,contrapeso.H,0,170,0,7872996,160,10,1,14878923,0,100
2020-05-17T07:02:03.705Z,contrapeso.H,0,170,0,7872995,165,10,1,14878923,0,100
2020-05-17T07:02:04.705Z,contrapeso.H,0,170,0,7872995,165,10,1,14878923,0,100
2020-05-17T07:02:05.705Z,contrapeso.H,0,170,0,7872995,169,10,1,14878923,0,100
2020-05-17T07:02:06.705Z,contrapeso.H,0,170,0,7872995,168,10,1,14878923,0,100
2020-05-17T07:02:07.705Z,contrapeso.H,0,170,0,7872995,167,10,1,14878923,0,100
2020-05-17T07:02:08.705Z,contrapeso.H,0,170,0,7872995,165,10,1,14878923,0,100
2020-05-17T07:02:09.705Z,contrapeso.H,0,170,0,7872996,164,10,1,14878923,0,100
2020-05-17T07:02:10.705Z,contrapeso.H,0,170,0,7872996,163,10,1,14878923,0,100
2020-05-17T07:02:11.705Z,contrapeso.H,0,170,0,7872995,162,10,1,14878923,0,100
2020-05-17T07:02:12.705Z,contrapeso.H,0,170,0,7872995,160,10,1,14878923,0,100
2020-05-17T07:02:13.705Z,contrapeso.H,0,170,0,7872996,159,10,1,14878923,0,100
2020-05-17T07:02:14.705Z,contrapeso.H,0,170,0,7872995,158,11,1,14878923,0,100
2020-05-17T07:02:15.705Z,contrapeso.H,0,171,6,7872992,157,11,1,14878928,0,100
2020-05-17T07:02:16.705Z,contrapeso.H,0,175,14356,7872993,156,10,1,12844772,0,100
2020-05-17T07:02:17.705Z,contrapeso.H,0,179,14356,7872992,155,12,1,10382676,0,100
2020-05-17T07:02:18.705Z,contrapeso.H,0,183,14356,7872994,154,15,1,7920521,0,100
2020-05-17T07:02:19.705Z,contrapeso.H,0,187,14341,7872993,153,19,1,5458370,0,100
2020-05-17T07:02:20.705Z,contrapeso.H,0,190,0,7872996,152,5,1,3379058,0,100
2020-05-17T07:02:21.705Z,contrapeso.H,0,189,14356,7872996,151,14,1,3378920,0,100
2020-05-17T07:02:22.705Z,contrapeso.H,0,185,14356,7872997,150,9,1,5061344,0,100
2020-05-17T07:02:23.705Z,contrapeso.H,0,180,14356,7872997,149,12,1,7523466,0,100
2020-05-17T07:02:24.705Z,contrapeso.H,0,176,14356,7872996,148,16,1,9985594,0,100
2020-05-17T07:02:25.705Z,contrapeso.H,0,172,14356,7872998,147,19,1,12447754,0,100
2020-05-17T07:02:26.705Z,contrapeso.H,0,170,14341,7872997,147,49,1,14829356,0,100
2020-05-17T07:02:27.705Z,contrapeso.H,0,170,0,7872997,146,14,1,14878925,0,100
2020-05-17T07:02:28.705Z,contrapeso.H,0,171,14356,7872995,145,7,1,13447773,0,100
2020-05-17T07:02:29.705Z,contrapeso.H,0,175,14356,7872991,146,9,1,10985657,0,100
2020-05-17T07:02:30.705Z,contrapeso.H,0,179,14356,7872994,150,14,1,8523467,0,100
2020-05-17T07:02:31.705Z,contrapeso.H,0,183,14356,7872995,155,18,1,6061293,0,100
2020-05-17T07:02:32.705Z,contrapeso.H,0,188,14341,7872993,160,4,1,3604031,0,100
2020-05-17T07:02:33.705Z,contrapeso.H,0,190,0,7872994,165,15,1,3378920,0,100
2020-05-17T07:02:34.705Z,contrapeso.H,0,189,14356,7872996,169,8,1,4408070,0,100
2020-05-17T07:02:35.705Z,contrapeso.H,0,185,14356,7872999,168,12,1,6870255,0,100
2020-05-17T07:02:36.705Z,contrapeso.H,0,180,14356,7872998,167,14,1,9332359,0,100
2020-05-17T07:02:37.705Z,contrapeso.H,0,176,14356,7872997,165,19,1,11794505,0,100
2020-05-17T07:02:38.705Z,contrapeso.H,0,172,14341,7872998,165,22,1,14256705,0,100
2020-05-17T07:02:39.705Z,contrapeso.H,0,169,0,7872999,164,15,1,14878926,0,100
2020-05-17T07:02:40.705Z,contrapeso.H,0,170,0,7872995,163,12,1,14878923,0,100
2020-05-17T07:02:41.705Z,contrapeso.H,0,169,0,7872995,162,12,1,14878923,0,100
2020-05-17T07:02:42.705Z,contrapeso.H,0,170,0,7872995,160,12,1,14878923,0,100
2020-05-17T07:02:43.705Z,contrapeso.H,0,170,0,7872995,159,12,1,14878923,0,100
2020-05-17T07:02:44.705Z,contrapeso.H,0,170,0,7872995,158,12,1,14878923,0,100
2020-05-17T07:02:45.705Z,contrapeso.H,0,170,0,7872995,157,12,1,14878923,0,100
2020-05-17T07:02:46.705Z,contrapeso.H,0,170,0,7872995,156,12,1,14878923,0,100
2020-05-17T07:02:47.705Z,contrapeso.H,0,170,0,7872995,155,12,1,14878923,0,100
2020-05-17T07:02:48.706Z,contrapeso.H,0,170,0,7872996,154,12,1,14878923,0,100
2020-05-17T07:02:49.706Z,contrapeso.H,0,170,0,7872995,153,12,1,14878923,0,100
2020-05-17T07:02:50.705Z,contrapeso.H,0,170,0,7872995,152,12,1,14878923,0,100
2020-05-17T07:02:51.705Z,contrapeso.H,0,170,0,7872995,151,12,1,14878923,0,100
2020-05-17T07:02:52.705Z,contrapeso_10000.H,0,170,0,7872995,150,12,1,14878923,0,100
2020-05-17T07:02:53.705Z,contrapeso_10000.H,0,170,0,7872995,149,12,1,14878923,0,100
2020-05-17T07:02:54.705Z,contrapeso_10000.H,0,170,0,7872996,148,12,1,14878923,0,100
2020-05-17T07:02:55.705Z,contrapeso_10000.H,0,170,0,7872995,147,12,1,14878923,0,100
2020-05-17T07:02:56.705Z,contrapeso_10000.H,0,170,0,7872995,147,12,1,14878923,0,100
2020-05-17T07:02:57.705Z,contrapeso_10000.H,0,170,0,7872995,146,12,1,14878923,0,100
2020-05-17T07:02:58.705Z,contrapeso_10000.H,0,170,0,7872995,145,12,1,14878923,0,100
2020-05-17T07:02:59.705Z,contrapeso_10000.H,0,170,0,7872995,146,12,1,14878923,0,100
2020-05-17T07:03:00.705Z,contrapeso_10000.H,0,170,0,7872995,150,12,1,14878923,0,100
2020-05-17T07:03:01.705Z,contrapeso_10000.H,0,170,0,7872995,155,12,1,14878923,0,100
2020-05-17T07:03:02.705Z,contrapeso_10000.H,0,171,46,7872996,160,13,1,14878925,0,100
2020-05-17T07:03:03.705Z,contrapeso_10000.H,0,173,10000,7872991,165,7,1,13462759,0,100
2020-05-17T07:03:04.705Z,contrapeso_10000.H,0,176,10000,7872994,169,9,1,11747766,0,100
2020-05-17T07:03:05.705Z,contrapeso_10000.H,0,179,10000,7872993,168,10,1,10032769,0,100
2020-05-17T07:03:06.736Z,contrapeso_10000.H,0,182,10000,7872993,167,13,1,8317734,0,100
2020-05-17T07:03:07.705Z,contrapeso_10000.H,0,185,10000,7872995,165,15,1,6602740,0,100
2020-05-17T07:03:08.705Z,contrapeso_10000.H,0,188,10000,7872994,164,18,1,4887767,0,100
2020-05-17T07:03:09.705Z,contrapeso_10000.H,0,190,9993,7872994,163,7,1,3379348,0,100
2020-05-17T07:03:10.705Z,contrapeso_10000.H,0,189,0,7872996,162,13,1,3378920,0,100
2020-05-17T07:03:11.705Z,contrapeso_10000.H,0,186,10000,7872998,160,7,1,4550078,0,100
2020-05-17T07:03:12.705Z,contrapeso_10000.H,0,183,10000,7872998,160,9,1,6265086,0,100
2020-05-17T07:03:13.705Z,contrapeso_10000.H,0,180,10000,7872998,159,11,1,7980085,0,100
2020-05-17T07:03:14.705Z,contrapeso_10000.H,0,177,10000,7872997,158,16,1,9695091,0,100
2020-05-17T07:03:15.705Z,contrapeso_10000.H,0,177,10000,7872997,157,16,1,11410092,0,100
2020-05-17T07:03:16.705Z,contrapeso_10000.H,0,174,10000,7872997,156,19,1,13125087,0,100
2020-05-17T07:03:17.705Z,contrapeso_10000.H,0,171,9993,7872995,155,25,1,14815102,0,100
2020-05-17T07:03:18.705Z,contrapeso_10000.H,0,169,0,7872996,154,14,1,14878926,0,100
2020-05-17T07:03:19.705Z,contrapeso_10000.H,0,170,10000,7872994,153,5,1,13952748,0,100
2020-05-17T07:03:20.705Z,contrapeso_10000.H,0,172,10000,7872992,152,7,1,12237776,0,100
2020-05-17T07:03:21.705Z,contrapeso_10000.H,0,175,10000,7872994,151,9,1,10522714,0,100
2020-05-17T07:03:22.705Z,contrapeso_10000.H,0,178,10000,7872993,150,12,1,8807750,0,100
2020-05-17T07:03:23.705Z,contrapeso_10000.H,0,181,10000,7872995,149,14,1,7092765,0,100
2020-05-17T07:03:24.705Z,contrapeso_10000.H,0,184,10000,7872995,148,17,1,5377772,0,100
2020-05-17T07:03:25.705Z,contrapeso_10000.H,0,187,9993,7872993,147,20,1,3662729,0,100
2020-05-17T07:03:26.705Z,contrapeso_10000.H,0,189,0,7872995,147,15,1,3378920,0,100
2020-05-17T07:03:27.706Z,contrapeso_10000.H,0,188,10000,7872996,146,5,1,4060074,0,100
2020-05-17T07:03:28.705Z,contrapeso_10000.H,0,185,10000,7872999,145,8,1,5775073,0,100
2020-05-17T07:03:29.705Z,contrapeso_10000.H,0,182,10000,7872997,146,11,1,7490119,0,100
2020-05-17T07:03:30.705Z,contrapeso_10000.H,0,179,10000,7872997,150,14,1,9205090,0,100
2020-05-17T07:03:31.705Z,contrapeso_10000.H,0,176,10000,7872997,155,16,1,10920112,0,100
2020-05-17T07:03:32.705Z,contrapeso_10000.H,0,173,10000,7872997,160,19,1,12635090,0,100
2020-05-17T07:03:33.705Z,contrapeso_10000.H,0,170,10000,7872996,165,19,1,12635090,0,100
2020-05-17T07:03:34.705Z,contrapeso_10000.H,0,169,9993,7872996,169,21,1,14350091,0,100
2020-05-17T07:03:35.705Z,contrapeso_10000.H,0,169,0,7872997,168,16,1,14878926,0,100
2020-05-17T07:03:36.705Z,contrapeso_10000.H,0,169,0,7872995,167,13,1,14878924,0,100
2020-05-17T07:03:37.705Z,contrapeso_10000.H,0,169,0,7872995,165,12,1,14878923,0,100
2020-05-17T07:03:38.705Z,contrapeso_10000.H,0,169,0,7872995,164,13,1,14878923,0,100
2020-05-17T07:03:39.705Z,contrapeso_10000.H,0,169,0,7872995,163,12,1,14878923,0,100
2020-05-17T07:03:40.705Z,contrapeso_10000.H,0,169,0,7872995,162,12,1,14878923,0,100
2020-05-17T07:03:41.705Z,contrapeso_10000.H,0,169,0,7872995,162,12,1,14878923,0,100
2020-05-17T07:03:42.705Z,contrapeso_10000.H,0,169,0,7872995,159,12,1,14878923,0,100
2020-05-17T07:03:43.705Z,contrapeso_10000.H,0,169,0,7872996,158,12,1,14878923,0,100
2020-05-17T07:03:44.705Z,contrapeso_10000.H,0,169,0,7872995,157,12,1,14878923,0,100
2020-05-17T07:03:45.705Z,contrapeso_10000.H,0,169,0,7872995,156,12,1,14878923,0,100
2020-05-17T07:03:46.705Z,contrapeso_10000.H,0,169,0,7872995,156,12,1,14878923,0,100
2020-05-17T07:03:47.705Z,contrapeso_1000.H,0,169,0,7872995,155,12,1,14878923,0,100
2020-05-17T07:03:48.706Z,contrapeso_1000.H,0,169,0,7872995,154,12,1,14878923,0,100
2020-05-17T07:03:49.705Z,contrapeso_1000.H,0,169,0,7872995,153,12,1,14878923,0,100
2020-05-17T07:03:50.705Z,contrapeso_1000.H,0,169,0,7872995,152,12,1,14878923,0,100
2020-05-17T07:03:51.705Z,contrapeso_1000.H,0,169,0,7872995,151,12,1,14878923,0,100
2020-05-17T07:03:52.705Z,contrapeso_1000.H,0,169,0,7872996,150,12,1,14878923,0,100
2020-05-17T07:03:53.705Z,contrapeso_1000.H,0,169,0,7872995,149,12,1,14878923,0,100
2020-05-17T07:03:54.705Z,contrapeso_1000.H,0,169,0,7872995,148,12,1,14878923,0,100
2020-05-17T07:03:55.705Z,contrapeso_1000.H,0,169,0,7872996,147,12,1,14878923,0,100
2020-05-17T07:03:56.705Z,contrapeso_1000.H,0,169,1,7872995,146,14,1,14878926,0,100
2020-05-17T07:03:57.705Z,contrapeso_1000.H,0,170,3000,7872993,146,6,1,14418288,0,100
2020-05-17T07:03:58.705Z,contrapeso_1000.H,0,171,3000,7872997,145,5,1,13903771,0,100
2020-05-17T07:03:59.705Z,contrapeso_1000.H,0,172,3000,7872995,146,6,1,13389289,0,100
2020-05-17T07:04:00.705Z,contrapeso_1000.H,0,173,3000,7872994,150,6,1,13389289,0,100
2020-05-17T07:04:01.705Z,contrapeso_1000.H,0,173,3000,7872994,155,5,1,12874762,0,100
2020-05-17T07:04:02.705Z,contrapeso_1000.H,0,174,3000,7872994,160,7,1,12360263,0,100
2020-05-17T07:04:03.705Z,contrapeso_1000.H,0,175,3000,7872994,165,8,1,11845791,0,100
2020-05-17T07:04:04.705Z,contrapeso_1000.H,0,176,3000,7872996,169,7,1,11331256,0,100
2020-05-17T07:04:05.705Z,contrapeso_1000.H,0,177,3000,7872995,168,9,1,10816772,0,100
2020-05-17T07:04:06.705Z,contrapeso_1000.H,0,178,3000,7872995,167,9,1,10302280,0,100
2020-05-17T07:04:07.705Z,contrapeso_1000.H,0,178,3000,7872995,165,10,1,9787760,0,100
2020-05-17T07:04:08.705Z,contrapeso_1000.H,0,179,3000,7872995,164,10,1,9273258,0,100
2020-05-17T07:04:09.706Z,contrapeso_1000.H,0,180,3000,7872995,163,11,1,8758774,0,100
2020-05-17T07:04:10.705Z,contrapeso_1000.H,0,181,3000,7872996,162,12,1,8244288,0,100
2020-05-17T07:04:11.705Z,contrapeso_1000.H,0,182,3000,7872996,160,12,1,7729745,0,100
2020-05-17T07:04:12.705Z,contrapeso_1000.H,0,183,3000,7872995,159,14,1,7215276,0,100
2020-05-17T07:04:13.705Z,contrapeso_1000.H,0,184,3000,7872995,158,13,1,6700782,0,100
2020-05-17T07:04:14.705Z,contrapeso_1000.H,0,184,3000,7872995,157,15,1,6186270,0,100
2020-05-17T07:04:15.705Z,contrapeso_1000.H,0,185,3000,7872995,156,15,1,5671770,0,100
2020-05-17T07:04:16.705Z,contrapeso_1000.H,0,186,3000,7872995,155,16,1,5157280,0,100
2020-05-17T07:04:17.705Z,contrapeso_1000.H,0,187,3000,7872995,154,16,1,4642774,0,100
2020-05-17T07:04:18.705Z,contrapeso_1000.H,0,188,3000,7872995,153,18,1,4128253,0,100
2020-05-17T07:04:19.705Z,contrapeso_1000.H,0,189,2959,7872996,152,19,1,3613781,0,100
2020-05-17T07:04:20.705Z,contrapeso_1000.H,0,189,0,7872994,152,14,1,3378920,0,100
2020-05-17T07:04:21.705Z,contrapeso_1000.H,0,188,3000,7872994,151,4,1,3493064,0,100
2020-05-17T07:04:22.705Z,contrapeso_1000.H,0,187,3000,7872995,150,4,1,4007574,0,100
2020-05-17T07:04:23.705Z,contrapeso_1000.H,0,186,3000,7872995,149,5,1,4522069,0,100
2020-05-17T07:04:24.705Z,contrapeso_1000.H,0,185,3000,7872995,148,6,1,5036569,0,100
2020-05-17T07:04:25.705Z,contrapeso_1000.H,0,184,3000,7872996,147,7,1,5551065,0,100
2020-05-17T07:04:26.705Z,contrapeso_1000.H,0,183,3000,7872996,146,7,1,6065570,0,100
2020-05-17T07:04:27.705Z,contrapeso_1000.H,0,182,3000,7872996,146,8,1,6580059,0,100
2020-05-17T07:04:28.705Z,contrapeso_1000.H,0,182,3000,7872995,145,9,1,7094555,0,100
2020-05-17T07:04:29.705Z,contrapeso_1000.H,0,181,3000,7872995,146,9,1,7609077,0,100
2020-05-17T07:04:30.705Z,contrapeso_1000.H,0,180,3000,7872996,150,10,1,8123585,0,100
2020-05-17T07:04:31.705Z,contrapeso_1000.H,0,179,3000,7872995,155,11,1,8638073,0,100
2020-05-17T07:04:32.705Z,contrapeso_1000.H,0,178,3000,7872996,160,12,1,9152570,0,100
2020-05-17T07:04:33.705Z,contrapeso_1000.H,0,177,3000,7872995,165,14,1,9667075,0,100
2020-05-17T07:04:34.705Z,contrapeso_1000.H,0,176,3000,7872995,169,13,1,10181570,0,100
2020-05-17T07:04:35.705Z,contrapeso_1000.H,0,175,3000,7872996,168,13,1,10181570,0,100
2020-05-17T07:04:36.705Z,contrapeso_1000.H,0,175,3000,7872996,167,14,1,10696057,0,100
2020-05-17T07:04:37.705Z,contrapeso_1000.H,0,174,3000,7872996,165,14,1,11210572,0,100
2020-05-17T07:04:38.705Z,contrapeso_1000.H,0,173,3000,7872996,164,16,1,11725078,0,100
2020-05-17T07:04:39.705Z,contrapeso_1000.H,0,172,3000,7872995,163,17,1,12239573,0,100
2020-05-17T07:04:40.705Z,contrapeso_1000.H,0,171,3000,7872996,162,17,1,12754081,0,100
2020-05-17T07:04:41.705Z,contrapeso_1000.H,0,171,3000,7872996,160,18,1,13268573,0,100
2020-05-17T07:04:42.705Z,contrapeso_1000.H,0,170,3000,7872996,159,19,1,13783080,0,100
2020-05-17T07:04:43.705Z,contrapeso_1000.H,0,169,3000,7872995,158,19,1,14297571,0,100
2020-05-17T07:04:44.705Z,contrapeso_1000.H,0,169,2959,7872996,157,7,1,14812070,0,100
2020-05-17T07:04:45.705Z,contrapeso_1000.H,0,169,0,7872997,156,15,1,14878926,0,100
2020-05-17T07:04:46.705Z,contrapeso_1000.H,0,170,3000,7872998,155,4,1,14586278,0,100
2020-05-17T07:04:47.705Z,contrapeso_1000.H,0,171,3000,7872995,154,5,1,14071762,0,100
2020-05-17T07:04:48.705Z,contrapeso_1000.H,0,171,3000,7872994,153,4,1,13557254,0,100
2020-05-17T07:04:49.705Z,contrapeso_1000.H,0,172,3000,7872994,152,6,1,13042770,0,100
2020-05-17T07:04:50.705Z,contrapeso_1000.H,0,173,3000,7872994,151,5,1,12528268,0,100
2020-05-17T07:04:51.705Z,contrapeso_1000.H,0,174,3000,7872994,150,7,1,12013781,0,100
2020-05-17T07:04:52.705Z,contrapeso_1000.H,0,175,3000,7872994,149,8,1,11499279,0,100
2020-05-17T07:04:53.705Z,contrapeso_1000.H,0,176,3000,7872995,149,7,1,10984787,0,100
2020-05-17T07:04:54.705Z,contrapeso_1000.H,0,176,3000,7872996,148,9,1,10470269,0,100
2020-05-17T07:04:55.705Z,contrapeso_1000.H,0,177,3000,7872995,147,9,1,9955759,0,100
2020-05-17T07:04:56.705Z,contrapeso_1000.H,0,178,3000,7872995,146,9,1,9441275,0,100
2020-05-17T07:04:57.705Z,contrapeso_1000.H,0,179,3000,7872995,146,10,1,8926781,0,100
2020-05-17T07:04:58.705Z,contrapeso_1000.H,0,180,3000,7872995,145,11,1,8412275,0,100
2020-05-17T07:04:59.705Z,contrapeso_1000.H,0,181,3000,7872995,146,12,1,7897794,0,100
2020-05-17T07:05:00.705Z,contrapeso_1000.H,0,182,3000,7872995,150,12,1,7383291,0,100
2020-05-17T07:05:01.705Z,contrapeso_1000.H,0,182,3000,7872995,155,13,1,6868760,0,100
2020-05-17T07:05:02.705Z,contrapeso_1000.H,0,183,3000,7872995,160,13,1,6354270,0,100
2020-05-17T07:05:03.705Z,contrapeso_1000.H,0,184,3000,7872995,165,15,1,5839779,0,100
2020-05-17T07:05:04.705Z,contrapeso_1000.H,0,185,3000,7872995,169,15,1,5325302,0,100
2020-05-17T07:05:05.705Z,contrapeso_1000.H,0,186,3000,7872995,168,16,1,4810784,0,100
2020-05-17T07:05:06.705Z,contrapeso_1000.H,0,187,3000,7872995,167,16,1,4296299,0,100
2020-05-17T07:05:07.705Z,contrapeso_1000.H,0,188,3000,7872995,165,17,1,3781793,0,100
2020-05-17T07:05:08.705Z,contrapeso_1000.H,0,188,2959,7872995,164,17,1,3378927,0,100
2020-05-17T07:05:09.705Z,contrapeso_1000.H,0,188,0,7872994,163,15,1,3378922,0,100
2020-05-17T07:05:10.705Z,contrapeso_1000.H,0,188,3000,7872993,162,31,1,3829052,0,100
2020-05-17T07:05:11.705Z,contrapeso_1000.H,0,187,3000,7872995,160,5,1,3829052,0,100
2020-05-17T07:05:12.705Z,contrapeso_1000.H,0,186,3000,7872995,159,5,1,4343567,0,100
2020-05-17T07:05:13.705Z,contrapeso_1000.H,0,185,3000,7872997,158,6,1,4858077,0,100
2020-05-17T07:05:14.705Z,contrapeso_1000.H,0,184,3000,7872996,157,7,1,5372554,0,100
2020-05-17T07:05:15.724Z,contrapeso_1000.H,0,183,3000,7872996,156,7,1,5887074,0,100
2020-05-17T07:05:16.724Z,contrapeso_1000.H,0,182,3000,7872996,155,8,1,6401580,0,100
2020-05-17T07:05:17.724Z,contrapeso_1000.H,0,181,3000,7872996,154,9,1,6916089,0,100
2020-05-17T07:05:18.724Z,contrapeso_1000.H,0,180,3000,7872996,153,10,1,7430573,0,100
2020-05-17T07:05:19.724Z,contrapeso_1000.H,0,179,3000,7872997,152,10,1,7945074,0,100
2020-05-17T07:05:20.724Z,contrapeso_1000.H,0,178,3000,7872996,151,11,1,8459577,0,100
2020-05-17T07:05:21.724Z,contrapeso_1000.H,0,177,3000,7872996,150,12,1,8974063,0,100
2020-05-17T07:05:22.724Z,contrapeso_1000.H,0,176,3000,7872996,149,14,1,9488550,0,100
2020-05-17T07:05:23.724Z,contrapeso_1000.H,0,176,3000,7872996,149,13,1,10003078,0,100
2020-05-17T07:05:24.724Z,contrapeso_1000.H,0,175,3000,7872996,148,15,1,10517563,0,100
2020-05-17T07:05:25.724Z,contrapeso_1000.H,0,174,3000,7872996,147,15,1,11032069,0,100
2020-05-17T07:05:26.724Z,contrapeso_1000.H,0,173,3000,7872996,146,16,1,11546561,0,100
2020-05-17T07:05:27.724Z,contrapeso_1000.H,0,172,3000,7872996,145,17,1,12061072,0,100
2020-05-17T07:05:28.724Z,contrapeso_1000.H,0,172,3000,7872997,145,17,1,12575582,0,100
2020-05-17T07:05:29.724Z,contrapeso_1000.H,0,171,3000,7872996,146,18,1,13090063,0,100
2020-05-17T07:05:30.724Z,contrapeso_1000.H,0,170,3000,7872996,150,18,1,13604579,0,100
2020-05-17T07:05:31.724Z,contrapeso_1000.H,0,169,3000,7872995,155,20,1,14119062,0,100
2020-05-17T07:05:32.724Z,contrapeso_1000.H,0,168,2959,7872996,160,20,1,14633577,0,100
2020-05-17T07:05:33.724Z,contrapeso_1000.H,0,168,2959,7872997,165,17,1,14878926,0,100
2020-05-17T07:05:34.724Z,contrapeso_1000.H,0,168,0,7872997,169,13,1,14878925,0,100
2020-05-17T07:05:35.724Z,contrapeso_1000.H,0,168,0,7872996,168,13,1,14878923,0,100
2020-05-17T07:05:36.724Z,contrapeso_1000.H,0,168,0,7872996,167,13,1,14878922,0,100
2020-05-17T07:05:37.724Z,contrapeso_1000.H,0,168,0,7872995,165,14,1,14878923,0,100
2020-05-17T07:05:38.724Z,contrapeso_1000.H,0,168,0,7872995,164,14,1,14878923,0,100
2020-05-17T07:05:39.724Z,contrapeso_1000.H,0,169,0,7872996,163,14,1,14878923,0,100
2020-05-17T07:05:40.724Z,contrapeso_1000.H,0,169,0,7872996,163,14,1,14878923,0,100
2020-05-17T07:05:41.724Z,contrapeso_1000.H,0,169,0,7872996,163,14,1,14878923,0,100
2020-05-17T07:05:42.724Z,contrapeso_1000.H,0,169,0,7872995,159,14,1,14878923,0,100
2020-05-17T07:05:43.724Z,contrapeso_1000.H,0,169,0,7872995,158,14,1,14878923,0,100
2020-05-17T07:05:44.724Z,contrapeso_1000.H,0,169,0,7872995,157,13,1,14878923,0,100
2020-05-17T07:05:45.724Z,contrapeso.H,0,169,0,7872995,156,13,1,14878923,0,100
2020-05-17T07:05:46.724Z,contrapeso.H,0,169,0,7872995,155,13,1,14878923,0,100
