Date,Cnc_Program_Name_RT,Cnc_Tool_Number_RT,System_IOLINK_CounterweightPressure,Axis_FeedRate_actual,Axis_Y_positionActualMCS_mm_d10000,System_IOLINK_HydraulicPressure,Axis_Y_power_percent,System_isHydraulicsOn,Axis_Z_positionActualMCS_mm_d10000,Axis_Z_power_percent,Cnc_Override_Axis;;
2020-05-17T07:49:27.852Z,707d09f2c73d78d49d2e3bb4efa3c2768e2221110662b3ebbc30d237d1e125a1,0,169,0,7872996,164,12,1,14878923,0,100;;69a7c086b68f4739e4aec3025438900447bf592188dcbd7c78bddc0929188587
2020-05-17T07:49:28.852Z,707d09f2c73d78d49d2e3bb4efa3c2768e2221110662b3ebbc30d237d1e125a1,0,169,0,7872995,163,12,1,14878923,0,100;;
2020-05-17T07:49:29.852Z,707d09f2c73d78d49d2e3bb4efa3c2768e2221110662b3ebbc30d237d1e125a1,0,169,0,7872995,162,12,1,14878923,0,100;;
2020-05-17T07:49:30.852Z,707d09f2c73d78d49d2e3bb4efa3c2768e2221110662b3ebbc30d237d1e125a1,0,169,0,7872995,160,12,1,14878923,0,100;;
2020-05-17T07:49:31.852Z,707d09f2c73d78d49d2e3bb4efa3c2768e2221110662b3ebbc30d237d1e125a1,0,169,0,7872996,159,12,1,14878923,0,100;;
2020-05-17T07:49:32.852Z,707d09f2c73d78d49d2e3bb4efa3c2768e2221110662b3ebbc30d237d1e125a1,0,169,0,7872995,158,12,1,14878923,0,100;;
2020-05-17T07:49:33.852Z,707d09f2c73d78d49d2e3bb4efa3c2768e2221110662b3ebbc30d237d1e125a1,0,169,0,7872995,157,12,1,14878923,0,100;;
2020-05-17T07:49:34.852Z,707d09f2c73d78d49d2e3bb4efa3c2768e2221110662b3ebbc30d237d1e125a1,0,169,0,7872995,156,12,1,14878923,0,100;;
2020-05-17T07:49:35.852Z,707d09f2c73d78d49d2e3bb4efa3c2768e2221110662b3ebbc30d237d1e125a1,0,169,0,7872996,155,12,1,14878923,0,100;;
2020-05-17T07:49:36.852Z,707d09f2c73d78d49d2e3bb4efa3c2768e2221110662b3ebbc30d237d1e125a1,0,169,0,7872995,154,12,1,14878923,0,100;;
2020-05-17T07:49:37.852Z,707d09f2c73d78d49d2e3bb4efa3c2768e2221110662b3ebbc30d237d1e125a1,0,169,0,7872995,153,12,1,14878923,0,100;;
2020-05-17T07:49:38.852Z,707d09f2c73d78d49d2e3bb4efa3c2768e2221110662b3ebbc30d237d1e125a1,0,169,0,7872995,152,12,1,14878923,0,100;;
2020-05-17T07:49:39.852Z,707d09f2c73d78d49d2e3bb4efa3c2768e2221110662b3ebbc30d237d1e125a1,0,169,0,7872995,151,12,1,14878923,0,100;;
2020-05-17T07:49:40.852Z,707d09f2c73d78d49d2e3bb4efa3c2768e2221110662b3ebbc30d237d1e125a1,0,169,0,7872995,150,11,1,14878923,0,100;;
2020-05-17T07:49:41.852Z,707d09f2c73d78d49d2e3bb4efa3c2768e2221110662b3ebbc30d237d1e125a1,0,169,0,7872996,149,12,1,14878923,0,100;;
2020-05-17T07:49:42.852Z,707d09f2c73d78d49d2e3bb4efa3c2768e2221110662b3ebbc30d237d1e125a1,0,169,0,7872995,148,12,1,14878923,0,100;;
2020-05-17T07:49:43.852Z,707d09f2c73d78d49d2e3bb4efa3c2768e2221110662b3ebbc30d237d1e125a1,0,169,0,7872995,148,11,1,14878923,0,100;;
2020-05-17T07:49:44.852Z,707d09f2c73d78d49d2e3bb4efa3c2768e2221110662b3ebbc30d237d1e125a1,0,169,0,7872995,147,11,1,14878923,0,100;;
2020-05-17T07:49:45.852Z,707d09f2c73d78d49d2e3bb4efa3c2768e2221110662b3ebbc30d237d1e125a1,0,169,0,7872995,146,11,1,14878923,0,100;;
2020-05-17T07:49:46.852Z,707d09f2c73d78d49d2e3bb4efa3c2768e2221110662b3ebbc30d237d1e125a1,0,169,0,7872996,145,11,1,14878923,0,100;;
2020-05-17T07:49:47.852Z,707d09f2c73d78d49d2e3bb4efa3c2768e2221110662b3ebbc30d237d1e125a1,0,169,0,7872995,146,11,1,14878923,0,100;;
2020-05-17T07:49:48.852Z,707d09f2c73d78d49d2e3bb4efa3c2768e2221110662b3ebbc30d237d1e125a1,0,169,0,7872995,150,11,1,14878923,0,100;;
2020-05-17T07:49:49.852Z,707d09f2c73d78d49d2e3bb4efa3c2768e2221110662b3ebbc30d237d1e125a1,0,169,0,7872995,155,11,1,14878923,0,100;;
2020-05-17T07:49:50.852Z,707d09f2c73d78d49d2e3bb4efa3c2768e2221110662b3ebbc30d237d1e125a1,0,169,0,7872995,160,11,1,14878923,0,100;;
2020-05-17T07:49:51.852Z,707d09f2c73d78d49d2e3bb4efa3c2768e2221110662b3ebbc30d237d1e125a1,0,169,0,7872996,165,11,1,14878923,0,100;;
2020-05-17T07:49:52.852Z,707d09f2c73d78d49d2e3bb4efa3c2768e2221110662b3ebbc30d237d1e125a1,0,169,0,7872995,169,11,1,14878923,0,100;;
2020-05-17T07:49:53.852Z,707d09f2c73d78d49d2e3bb4efa3c2768e2221110662b3ebbc30d237d1e125a1,0,169,0,7872995,168,11,1,14878923,0,100;;
2020-05-17T07:49:54.852Z,707d09f2c73d78d49d2e3bb4efa3c2768e2221110662b3ebbc30d237d1e125a1,0,169,0,7872995,167,11,1,14878923,0,100;;
2020-05-17T07:49:55.852Z,707d09f2c73d78d49d2e3bb4efa3c2768e2221110662b3ebbc30d237d1e125a1,0,169,0,7872995,165,11,1,14878923,0,100;;
2020-05-17T07:49:56.852Z,707d09f2c73d78d49d2e3bb4efa3c2768e2221110662b3ebbc30d237d1e125a1,0,169,0,7872996,165,11,1,14878923,0,100;;
2020-05-17T07:49:57.852Z,707d09f2c73d78d49d2e3bb4efa3c2768e2221110662b3ebbc30d237d1e125a1,0,169,0,7872995,164,11,1,14878923,0,100;;
2020-05-17T07:49:58.852Z,707d09f2c73d78d49d2e3bb4efa3c2768e2221110662b3ebbc30d237d1e125a1,0,169,0,7872996,163,11,1,14878923,0,100;;
2020-05-17T07:49:59.852Z,707d09f2c73d78d49d2e3bb4efa3c2768e2221110662b3ebbc30d237d1e125a1,0,169,0,7872995,162,11,1,14878923,0,100;;
2020-05-17T07:50:00.852Z,707d09f2c73d78d49d2e3bb4efa3c2768e2221110662b3ebbc30d237d1e125a1,0,169,0,7872995,160,11,1,14878923,0,100;;
2020-05-17T07:50:01.852Z,707d09f2c73d78d49d2e3bb4efa3c2768e2221110662b3ebbc30d237d1e125a1,0,169,0,7872996,159,11,1,14878923,0,100;;
2020-05-17T07:50:02.852Z,707d09f2c73d78d49d2e3bb4efa3c2768e2221110662b3ebbc30d237d1e125a1,0,169,0,7872995,158,11,1,14878923,0,100;;
2020-05-17T07:50:03.852Z,707d09f2c73d78d49d2e3bb4efa3c2768e2221110662b3ebbc30d237d1e125a1,0,169,0,7872995,157,11,1,14878923,0,100;;
2020-05-17T07:50:04.852Z,707d09f2c73d78d49d2e3bb4efa3c2768e2221110662b3ebbc30d237d1e125a1,0,169,0,7872995,156,11,1,14878923,0,100;;
2020-05-17T07:50:05.852Z,707d09f2c73d78d49d2e3bb4efa3c2768e2221110662b3ebbc30d237d1e125a1,0,169,0,7872995,155,11,1,14878923,0,100;;
2020-05-17T07:50:06.852Z,707d09f2c73d78d49d2e3bb4efa3c2768e2221110662b3ebbc30d237d1e125a1,0,169,0,7872995,154,11,1,14878923,0,100;;
2020-05-17T07:50:07.852Z,707d09f2c73d78d49d2e3bb4efa3c2768e2221110662b3ebbc30d237d1e125a1,0,169,0,7872996,153,11,1,14878923,0,100;;
2020-05-17T07:50:08.852Z,707d09f2c73d78d49d2e3bb4efa3c2768e2221110662b3ebbc30d237d1e125a1,0,169,0,7872995,152,11,1,14878923,0,100;;
2020-05-17T07:50:09.852Z,707d09f2c73d78d49d2e3bb4efa3c2768e2221110662b3ebbc30d237d1e125a1,0,169,0,7872995,151,11,1,14878923,0,100;;
2020-05-17T07:50:10.852Z,707d09f2c73d78d49d2e3bb4efa3c2768e2221110662b3ebbc30d237d1e125a1,0,169,0,7872996,150,11,1,14878923,0,100;;
2020-05-17T07:50:11.852Z,707d09f2c73d78d49d2e3bb4efa3c2768e2221110662b3ebbc30d237d1e125a1,0,169,0,7872995,149,11,1,14878923,0,100;;
2020-05-17T07:50:12.852Z,707d09f2c73d78d49d2e3bb4efa3c2768e2221110662b3ebbc30d237d1e125a1,0,169,0,7872995,148,11,1,14878923,0,100;;
2020-05-17T07:50:13.852Z,707d09f2c73d78d49d2e3bb4efa3c2768e2221110662b3ebbc30d237d1e125a1,0,169,0,7872995,147,11,1,14878923,0,100;;
2020-05-17T07:50:14.852Z,707d09f2c73d78d49d2e3bb4efa3c2768e2221110662b3ebbc30d237d1e125a1,0,169,0,7872996,147,11,1,14878923,0,100;;
2020-05-17T07:50:15.852Z,707d09f2c73d78d49d2e3bb4efa3c2768e2221110662b3ebbc30d237d1e125a1,0,169,0,7872995,146,11,1,14878923,0,100;;
2020-05-17T07:50:16.852Z,707d09f2c73d78d49d2e3bb4efa3c2768e2221110662b3ebbc30d237d1e125a1,0,169,0,7872995,145,11,1,14878923,0,100;;
2020-05-17T07:50:17.852Z,707d09f2c73d78d49d2e3bb4efa3c2768e2221110662b3ebbc30d237d1e125a1,0,169,0,7872996,146,11,1,14878923,0,100;;
2020-05-17T07:50:18.852Z,707d09f2c73d78d49d2e3bb4efa3c2768e2221110662b3ebbc30d237d1e125a1,0,169,0,7872995,150,11,1,14878923,0,100;;
2020-05-17T07:50:19.852Z,707d09f2c73d78d49d2e3bb4efa3c2768e2221110662b3ebbc30d237d1e125a1,0,169,0,7872995,155,11,1,14878923,0,100;;
2020-05-17T07:50:20.852Z,707d09f2c73d78d49d2e3bb4efa3c2768e2221110662b3ebbc30d237d1e125a1,0,169,0,7872995,160,11,1,14878923,0,100;;
2020-05-17T07:50:21.852Z,707d09f2c73d78d49d2e3bb4efa3c2768e2221110662b3ebbc30d237d1e125a1,0,169,0,7872995,165,11,1,14878923,0,100;;
2020-05-17T07:50:22.852Z,707d09f2c73d78d49d2e3bb4efa3c2768e2221110662b3ebbc30d237d1e125a1,0,169,0,7872996,169,11,1,14878923,0,100;;
2020-05-17T07:50:23.852Z,707d09f2c73d78d49d2e3bb4efa3c2768e2221110662b3ebbc30d237d1e125a1,0,169,0,7872995,168,11,1,14878923,0,100;;
2020-05-17T07:50:24.852Z,707d09f2c73d78d49d2e3bb4efa3c2768e2221110662b3ebbc30d237d1e125a1,0,169,0,7872995,167,11,1,14878923,0,100;;
2020-05-17T07:50:25.852Z,707d09f2c73d78d49d2e3bb4efa3c2768e2221110662b3ebbc30d237d1e125a1,0,169,0,7872995,165,11,1,14878923,0,100;;
2020-05-17T07:50:26.852Z,707d09f2c73d78d49d2e3bb4efa3c2768e2221110662b3ebbc30d237d1e125a1,0,169,0,7872996,164,11,1,14878923,0,100;;
2020-05-17T07:50:27.852Z,707d09f2c73d78d49d2e3bb4efa3c2768e2221110662b3ebbc30d237d1e125a1,0,169,0,7872995,163,11,1,14878923,0,100;;
2020-05-17T07:50:28.852Z,707d09f2c73d78d49d2e3bb4efa3c2768e2221110662b3ebbc30d237d1e125a1,0,169,0,7872995,162,11,1,14878923,0,100;;
2020-05-17T07:50:29.852Z,707d09f2c73d78d49d2e3bb4efa3c2768e2221110662b3ebbc30d237d1e125a1,0,169,0,7872995,160,11,1,14878923,0,100;;
2020-05-17T07:50:30.852Z,707d09f2c73d78d49d2e3bb4efa3c2768e2221110662b3ebbc30d237d1e125a1,0,169,0,7872996,159,11,1,14878923,0,100;;
2020-05-17T07:50:31.852Z,707d09f2c73d78d49d2e3bb4efa3c2768e2221110662b3ebbc30d237d1e125a1,0,169,0,7872995,159,11,1,14878923,0,100;;
2020-05-17T07:50:32.852Z,707d09f2c73d78d49d2e3bb4efa3c2768e2221110662b3ebbc30d237d1e125a1,0,169,0,7872995,158,11,1,14878923,0,100;;
2020-05-17T07:50:33.852Z,707d09f2c73d78d49d2e3bb4efa3c2768e2221110662b3ebbc30d237d1e125a1,0,169,0,7872995,157,11,1,14878923,0,100;;
2020-05-17T07:50:34.852Z,707d09f2c73d78d49d2e3bb4efa3c2768e2221110662b3ebbc30d237d1e125a1,0,169,0,7872996,156,12,1,14878922,0,100;;
2020-05-17T07:50:35.852Z,707d09f2c73d78d49d2e3bb4efa3c2768e2221110662b3ebbc30d237d1e125a1,0,169,0,7872995,155,12,1,14878922,0,100;;
2020-05-17T07:50:36.852Z,707d09f2c73d78d49d2e3bb4efa3c2768e2221110662b3ebbc30d237d1e125a1,0,169,0,7872995,154,13,1,14878923,0,100;;
2020-05-17T07:50:37.852Z,707d09f2c73d78d49d2e3bb4efa3c2768e2221110662b3ebbc30d237d1e125a1,0,169,0,7872995,153,14,1,14878923,0,100;;
2020-05-17T07:50:38.852Z,707d09f2c73d78d49d2e3bb4efa3c2768e2221110662b3ebbc30d237d1e125a1,0,169,0,7872996,152,14,1,14878923,0,100;;
2020-05-17T07:50:39.852Z,707d09f2c73d78d49d2e3bb4efa3c2768e2221110662b3ebbc30d237d1e125a1,0,169,0,7872995,151,14,1,14878923,0,100;;
2020-05-17T07:50:40.852Z,707d09f2c73d78d49d2e3bb4efa3c2768e2221110662b3ebbc30d237d1e125a1,0,169,0,7872995,150,14,1,14878923,0,100;;
2020-05-17T07:50:41.852Z,707d09f2c73d78d49d2e3bb4efa3c2768e2221110662b3ebbc30d237d1e125a1,0,169,0,7872995,149,13,1,14878923,0,100;;
2020-05-17T07:50:42.852Z,707d09f2c73d78d49d2e3bb4efa3c2768e2221110662b3ebbc30d237d1e125a1,0,169,0,7872996,148,13,1,14878923,0,100;;
2020-05-17T07:50:43.852Z,707d09f2c73d78d49d2e3bb4efa3c2768e2221110662b3ebbc30d237d1e125a1,0,169,0,7872996,147,13,1,14878923,0,100;;
2020-05-17T07:50:44.852Z,707d09f2c73d78d49d2e3bb4efa3c2768e2221110662b3ebbc30d237d1e125a1,0,169,0,7872995,146,12,1,14878923,0,100;;
2020-05-17T07:50:45.852Z,707d09f2c73d78d49d2e3bb4efa3c2768e2221110662b3ebbc30d237d1e125a1,0,169,0,7872995,146,12,1,14878923,0,100;;
2020-05-17T07:50:46.852Z,707d09f2c73d78d49d2e3bb4efa3c2768e2221110662b3ebbc30d237d1e125a1,0,170,0,7872996,145,12,1,14878923,0,100;;
2020-05-17T07:50:47.852Z,707d09f2c73d78d49d2e3bb4efa3c2768e2221110662b3ebbc30d237d1e125a1,0,170,0,7872995,146,11,1,14878923,0,100;;
2020-05-17T07:50:48.852Z,707d09f2c73d78d49d2e3bb4efa3c2768e2221110662b3ebbc30d237d1e125a1,0,170,0,7872995,150,11,1,14878923,0,100;;
2020-05-17T07:50:49.852Z,707d09f2c73d78d49d2e3bb4efa3c2768e2221110662b3ebbc30d237d1e125a1,0,170,0,7872995,155,11,1,14878923,0,100;;
2020-05-17T07:50:50.852Z,707d09f2c73d78d49d2e3bb4efa3c2768e2221110662b3ebbc30d237d1e125a1,0,170,0,7872995,160,10,1,14878923,0,100;;
2020-05-17T07:50:51.852Z,707d09f2c73d78d49d2e3bb4efa3c2768e2221110662b3ebbc30d237d1e125a1,0,170,0,7872995,165,10,1,14878923,0,100;;
2020-05-17T07:50:52.852Z,707d09f2c73d78d49d2e3bb4efa3c2768e2221110662b3ebbc30d237d1e125a1,0,170,0,7872996,169,11,1,14878923,0,100;;
2020-05-17T07:50:53.852Z,707d09f2c73d78d49d2e3bb4efa3c2768e2221110662b3ebbc30d237d1e125a1,0,170,0,7872995,168,11,1,14878923,0,100;;
2020-05-17T07:50:54.852Z,707d09f2c73d78d49d2e3bb4efa3c2768e2221110662b3ebbc30d237d1e125a1,0,170,0,7872996,167,11,1,14878923,0,100;;
2020-05-17T07:50:55.852Z,707d09f2c73d78d49d2e3bb4efa3c2768e2221110662b3ebbc30d237d1e125a1,0,170,0,7872996,165,11,1,14878923,0,100;;
2020-05-17T07:50:56.852Z,707d09f2c73d78d49d2e3bb4efa3c2768e2221110662b3ebbc30d237d1e125a1,0,170,0,7872995,164,11,1,14878923,0,100;;
2020-05-17T07:50:57.852Z,707d09f2c73d78d49d2e3bb4efa3c2768e2221110662b3ebbc30d237d1e125a1,0,170,0,7872995,163,11,1,14878923,0,100;;
2020-05-17T07:50:58.852Z,707d09f2c73d78d49d2e3bb4efa3c2768e2221110662b3ebbc30d237d1e125a1,0,170,0,7872995,162,10,1,14878923,0,100;;
2020-05-17T07:50:59.852Z,707d09f2c73d78d49d2e3bb4efa3c2768e2221110662b3ebbc30d237d1e125a1,0,170,0,7872995,160,10,1,14878923,0,100;;
2020-05-17T07:51:00.852Z,707d09f2c73d78d49d2e3bb4efa3c2768e2221110662b3ebbc30d237d1e125a1,0,170,0,7872995,159,10,1,14878923,0,100;;
2020-05-17T07:51:01.852Z,707d09f2c73d78d49d2e3bb4efa3c2768e2221110662b3ebbc30d237d1e125a1,0,170,0,7872996,158,10,1,14878923,0,100;;
2020-05-17T07:51:02.852Z,707d09f2c73d78d49d2e3bb4efa3c2768e2221110662b3ebbc30d237d1e125a1,0,170,0,7872995,157,10,1,14878923,0,100;;
2020-05-17T07:51:03.852Z,707d09f2c73d78d49d2e3bb4efa3c2768e2221110662b3ebbc30d237d1e125a1,0,170,0,7872995,156,10,1,14878923,0,100;;
2020-05-17T07:51:04.852Z,707d09f2c73d78d49d2e3bb4efa3c2768e2221110662b3ebbc30d237d1e125a1,0,170,0,7872995,155,10,1,14878923,0,100;;
2020-05-17T07:51:05.852Z,707d09f2c73d78d49d2e3bb4efa3c2768e2221110662b3ebbc30d237d1e125a1,0,170,0,7872996,155,10,1,14878923,0,100;;
2020-05-17T07:51:06.852Z,707d09f2c73d78d49d2e3bb4efa3c2768e2221110662b3ebbc30d237d1e125a1,0,170,0,7872996,154,10,1,14878923,0,100;;
2020-05-17T07:51:07.852Z,707d09f2c73d78d49d2e3bb4efa3c2768e2221110662b3ebbc30d237d1e125a1,0,170,0,7872995,153,10,1,14878923,0,100;;
2020-05-17T07:51:08.852Z,707d09f2c73d78d49d2e3bb4efa3c2768e2221110662b3ebbc30d237d1e125a1,0,170,0,7872995,152,10,1,14878923,0,100;;
2020-05-17T07:51:09.852Z,707d09f2c73d78d49d2e3bb4efa3c2768e2221110662b3ebbc30d237d1e125a1,0,170,0,7872995,151,10,1,14878923,0,100;;
2020-05-17T07:51:10.852Z,707d09f2c73d78d49d2e3bb4efa3c2768e2221110662b3ebbc30d237d1e125a1,0,170,0,7872995,150,10,1,14878923,0,100;;
2020-05-17T07:51:11.852Z,707d09f2c73d78d49d2e3bb4efa3c2768e2221110662b3ebbc30d237d1e125a1,0,170,0,7872995,149,10,1,14878923,0,100;;
2020-05-17T07:51:12.852Z,707d09f2c73d78d49d2e3bb4efa3c2768e2221110662b3ebbc30d237d1e125a1,0,170,0,7872995,148,10,1,14878923,0,100;;
2020-05-17T07:51:13.852Z,707d09f2c73d78d49d2e3bb4efa3c2768e2221110662b3ebbc30d237d1e125a1,0,170,0,7872995,147,11,1,14878923,0,100;;
2020-05-17T07:51:14.869Z,707d09f2c73d78d49d2e3bb4efa3c2768e2221110662b3ebbc30d237d1e125a1,0,170,0,7872995,146,11,1,14878923,0,100;;
2020-05-17T07:51:15.869Z,707d09f2c73d78d49d2e3bb4efa3c2768e2221110662b3ebbc30d237d1e125a1,0,170,0,7872995,146,10,1,14878923,0,100;;
2020-05-17T07:51:16.869Z,707d09f2c73d78d49d2e3bb4efa3c2768e2221110662b3ebbc30d237d1e125a1,0,170,0,7872995,145,10,1,14878923,0,100;;
2020-05-17T07:51:17.869Z,707d09f2c73d78d49d2e3bb4efa3c2768e2221110662b3ebbc30d237d1e125a1,0,170,0,7872995,146,10,1,14878923,0,100;;
2020-05-17T07:51:18.869Z,707d09f2c73d78d49d2e3bb4efa3c2768e2221110662b3ebbc30d237d1e125a1,0,170,0,7872995,150,10,1,14878923,0,100;;
2020-05-17T07:51:19.869Z,707d09f2c73d78d49d2e3bb4efa3c2768e2221110662b3ebbc30d237d1e125a1,0,170,0,7872996,155,10,1,14878923,0,100;;
2020-05-17T07:51:20.870Z,707d09f2c73d78d49d2e3bb4efa3c2768e2221110662b3ebbc30d237d1e125a1,0,170,0,7872995,160,10,1,14878923,0,100;;
2020-05-17T07:51:21.869Z,707d09f2c73d78d49d2e3bb4efa3c2768e2221110662b3ebbc30d237d1e125a1,0,170,0,7872995,165,10,1,14878923,0,100;;
2020-05-17T07:51:22.870Z,707d09f2c73d78d49d2e3bb4efa3c2768e2221110662b3ebbc30d237d1e125a1,0,170,0,7872995,169,10,1,14878923,0,100;;
2020-05-17T07:51:23.870Z,707d09f2c73d78d49d2e3bb4efa3c2768e2221110662b3ebbc30d237d1e125a1,0,170,0,7872995,168,10,1,14878923,0,100;;
2020-05-17T07:51:24.869Z,707d09f2c73d78d49d2e3bb4efa3c2768e2221110662b3ebbc30d237d1e125a1,0,170,0,7872995,167,11,1,14878923,0,100;;
2020-05-17T07:51:25.869Z,707d09f2c73d78d49d2e3bb4efa3c2768e2221110662b3ebbc30d237d1e125a1,0,170,0,7872995,165,11,1,14878923,0,100;;
2020-05-17T07:51:26.870Z,707d09f2c73d78d49d2e3bb4efa3c2768e2221110662b3ebbc30d237d1e125a1,0,170,0,7872995,164,11,1,14878923,0,100;;
2020-05-17T07:51:27.869Z,707d09f2c73d78d49d2e3bb4efa3c2768e2221110662b3ebbc30d237d1e125a1,0,170,0,7872995,163,10,1,14878923,0,100;;
2020-05-17T07:51:28.870Z,707d09f2c73d78d49d2e3bb4efa3c2768e2221110662b3ebbc30d237d1e125a1,0,170,0,7872995,162,10,1,14878923,0,100;;
2020-05-17T07:51:29.870Z,707d09f2c73d78d49d2e3bb4efa3c2768e2221110662b3ebbc30d237d1e125a1,0,170,0,7872996,160,10,1,14878923,0,100;;
2020-05-17T07:51:30.869Z,707d09f2c73d78d49d2e3bb4efa3c2768e2221110662b3ebbc30d237d1e125a1,0,170,0,7872995,159,10,1,14878923,0,100;;
2020-05-17T07:51:31.869Z,707d09f2c73d78d49d2e3bb4efa3c2768e2221110662b3ebbc30d237d1e125a1,0,170,0,7872995,158,10,1,14878923,0,100;;
2020-05-17T07:51:32.870Z,707d09f2c73d78d49d2e3bb4efa3c2768e2221110662b3ebbc30d237d1e125a1,0,170,0,7872995,157,10,1,14878923,0,100;;
2020-05-17T07:51:33.869Z,707d09f2c73d78d49d2e3bb4efa3c2768e2221110662b3ebbc30d237d1e125a1,0,170,0,7872995,156,10,1,14878923,0,100;;
2020-05-17T07:51:34.869Z,707d09f2c73d78d49d2e3bb4efa3c2768e2221110662b3ebbc30d237d1e125a1,0,170,0,7872996,155,10,1,14878923,0,100;;
2020-05-17T07:51:35.870Z,707d09f2c73d78d49d2e3bb4efa3c2768e2221110662b3ebbc30d237d1e125a1,0,170,0,7872995,154,10,1,14878923,0,100;;
2020-05-17T07:51:36.869Z,707d09f2c73d78d49d2e3bb4efa3c2768e2221110662b3ebbc30d237d1e125a1,0,170,0,7872996,153,10,1,14878923,0,100;;
2020-05-17T07:51:37.869Z,707d09f2c73d78d49d2e3bb4efa3c2768e2221110662b3ebbc30d237d1e125a1,0,170,0,7872995,152,10,1,14878923,0,100;;
2020-05-17T07:51:38.870Z,707d09f2c73d78d49d2e3bb4efa3c2768e2221110662b3ebbc30d237d1e125a1,0,170,0,7872995,151,10,1,14878923,0,100;;
2020-05-17T07:51:39.869Z,707d09f2c73d78d49d2e3bb4efa3c2768e2221110662b3ebbc30d237d1e125a1,0,170,0,7872995,151,10,1,14878923,0,100;;
2020-05-17T07:51:40.870Z,707d09f2c73d78d49d2e3bb4efa3c2768e2221110662b3ebbc30d237d1e125a1,0,170,0,7872996,150,10,1,14878923,0,100;;
2020-05-17T07:51:41.870Z,707d09f2c73d78d49d2e3bb4efa3c2768e2221110662b3ebbc30d237d1e125a1,0,170,0,7872995,149,10,1,14878923,0,100;;
2020-05-17T07:51:42.869Z,707d09f2c73d78d49d2e3bb4efa3c2768e2221110662b3ebbc30d237d1e125a1,0,170,0,7872995,148,10,1,14878923,0,100;;
2020-05-17T07:51:43.870Z,707d09f2c73d78d49d2e3bb4efa3c2768e2221110662b3ebbc30d237d1e125a1,0,170,0,7872996,147,10,1,14878923,0,100;;
2020-05-17T07:51:44.870Z,707d09f2c73d78d49d2e3bb4efa3c2768e2221110662b3ebbc30d237d1e125a1,0,170,0,7872995,146,10,1,14878923,0,100;;
2020-05-17T07:51:45.869Z,707d09f2c73d78d49d2e3bb4efa3c2768e2221110662b3ebbc30d237d1e125a1,0,170,0,7872995,146,10,1,14878923,0,100;;
2020-05-17T07:51:46.869Z,707d09f2c73d78d49d2e3bb4efa3c2768e2221110662b3ebbc30d237d1e125a1,0,170,0,7872995,145,10,1,14878923,0,100;;
2020-05-17T07:51:47.869Z,707d09f2c73d78d49d2e3bb4efa3c2768e2221110662b3ebbc30d237d1e125a1,0,170,0,7872995,146,10,1,14878923,0,100;;
2020-05-17T07:51:48.869Z,707d09f2c73d78d49d2e3bb4efa3c2768e2221110662b3ebbc30d237d1e125a1,0,170,0,7872996,150,10,1,14878923,0,100;;
2020-05-17T07:51:49.869Z,707d09f2c73d78d49d2e3bb4efa3c2768e2221110662b3ebbc30d237d1e125a1,0,170,0,7872995,155,10,1,14878923,0,100;;
2020-05-17T07:51:50.869Z,707d09f2c73d78d49d2e3bb4efa3c2768e2221110662b3ebbc30d237d1e125a1,0,170,0,7872995,160,10,1,14878923,0,100;;
2020-05-17T07:51:51.869Z,707d09f2c73d78d49d2e3bb4efa3c2768e2221110662b3ebbc30d237d1e125a1,0,170,0,7872995,165,10,1,14878923,0,100;;
2020-05-17T07:51:52.870Z,707d09f2c73d78d49d2e3bb4efa3c2768e2221110662b3ebbc30d237d1e125a1,0,170,0,7872995,169,10,1,14878923,0,100;;
2020-05-17T07:51:53.870Z,707d09f2c73d78d49d2e3bb4efa3c2768e2221110662b3ebbc30d237d1e125a1,0,170,0,7872995,168,10,1,14878923,0,100;;
2020-05-17T07:51:54.869Z,707d09f2c73d78d49d2e3bb4efa3c2768e2221110662b3ebbc30d237d1e125a1,0,170,0,7872995,167,10,1,14878923,0,100;;
2020-05-17T07:51:55.869Z,707d09f2c73d78d49d2e3bb4efa3c2768e2221110662b3ebbc30d237d1e125a1,0,170,0,7872996,165,10,1,14878923,0,100;;
2020-05-17T07:51:56.869Z,707d09f2c73d78d49d2e3bb4efa3c2768e2221110662b3ebbc30d237d1e125a1,0,170,0,7872995,164,10,1,14878923,0,100;;
2020-05-17T07:51:57.870Z,707d09f2c73d78d49d2e3bb4efa3c2768e2221110662b3ebbc30d237d1e125a1,0,170,0,7872996,163,10,1,14878923,0,100;;
2020-05-17T07:51:58.869Z,707d09f2c73d78d49d2e3bb4efa3c2768e2221110662b3ebbc30d237d1e125a1,0,170,0,7872995,162,10,1,14878923,0,100;;
2020-05-17T07:51:59.869Z,707d09f2c73d78d49d2e3bb4efa3c2768e2221110662b3ebbc30d237d1e125a1,0,170,0,7872995,160,10,1,14878923,0,100;;
2020-05-17T07:52:00.869Z,707d09f2c73d78d49d2e3bb4efa3c2768e2221110662b3ebbc30d237d1e125a1,0,170,0,7872995,159,10,1,14878923,0,100;;
2020-05-17T07:52:01.869Z,707d09f2c73d78d49d2e3bb4efa3c2768e2221110662b3ebbc30d237d1e125a1,0,170,0,7872996,158,10,1,14878923,0,100;;
2020-05-17T07:52:02.869Z,707d09f2c73d78d49d2e3bb4efa3c2768e2221110662b3ebbc30d237d1e125a1,0,170,0,7872995,157,10,1,14878923,0,100;;
2020-05-17T07:52:03.869Z,707d09f2c73d78d49d2e3bb4efa3c2768e2221110662b3ebbc30d237d1e125a1,0,170,0,7872995,156,10,1,14878923,0,100;;
2020-05-17T07:52:04.869Z,707d09f2c73d78d49d2e3bb4efa3c2768e2221110662b3ebbc30d237d1e125a1,0,170,0,7872996,155,10,1,14878923,0,100;;
2020-05-17T07:52:05.869Z,707d09f2c73d78d49d2e3bb4efa3c2768e2221110662b3ebbc30d237d1e125a1,0,170,0,7872995,154,10,1,14878923,0,100;;
2020-05-17T07:52:06.869Z,707d09f2c73d78d49d2e3bb4efa3c2768e2221110662b3ebbc30d237d1e125a1,0,170,0,7872995,153,10,1,14878923,0,100;;
2020-05-17T07:52:07.869Z,707d09f2c73d78d49d2e3bb4efa3c2768e2221110662b3ebbc30d237d1e125a1,0,170,0,7872995,152,10,1,14878923,0,100;;
2020-05-17T07:52:08.869Z,707d09f2c73d78d49d2e3bb4efa3c2768e2221110662b3ebbc30d237d1e125a1,0,170,0,7872996,151,10,1,14878923,0,100;;
2020-05-17T07:52:09.870Z,707d09f2c73d78d49d2e3bb4efa3c2768e2221110662b3ebbc30d237d1e125a1,0,170,0,7872995,150,10,1,14878923,0,100;;
2020-05-17T07:52:10.869Z,707d09f2c73d78d49d2e3bb4efa3c2768e2221110662b3ebbc30d237d1e125a1,0,170,0,7872995,149,10,1,14878923,0,100;;
2020-05-17T07:52:11.869Z,707d09f2c73d78d49d2e3bb4efa3c2768e2221110662b3ebbc30d237d1e125a1,0,170,0,7872995,149,10,1,14878923,0,100;;
2020-05-17T07:52:12.870Z,707d09f2c73d78d49d2e3bb4efa3c2768e2221110662b3ebbc30d237d1e125a1,0,170,0,7872995,148,10,1,14878923,0,100;;
2020-05-17T07:52:13.869Z,707d09f2c73d78d49d2e3bb4efa3c2768e2221110662b3ebbc30d237d1e125a1,0,170,0,7872996,147,10,1,14878923,0,100;;
2020-05-17T07:52:14.870Z,707d09f2c73d78d49d2e3bb4efa3c2768e2221110662b3ebbc30d237d1e125a1,0,170,0,7872995,146,10,1,14878923,0,100;;
2020-05-17T07:52:15.869Z,707d09f2c73d78d49d2e3bb4efa3c2768e2221110662b3ebbc30d237d1e125a1,0,170,0,7872995,145,10,1,14878923,0,100;;
2020-05-17T07:52:16.869Z,707d09f2c73d78d49d2e3bb4efa3c2768e2221110662b3ebbc30d237d1e125a1,0,170,0,7872996,145,10,1,14878923,0,100;;
2020-05-17T07:52:17.870Z,707d09f2c73d78d49d2e3bb4efa3c2768e2221110662b3ebbc30d237d1e125a1,0,170,0,7872995,146,10,1,14878923,0,100;;
2020-05-17T07:52:18.869Z,707d09f2c73d78d49d2e3bb4efa3c2768e2221110662b3ebbc30d237d1e125a1,0,170,0,7872995,150,10,1,14878923,0,100;;
2020-05-17T07:52:19.869Z,707d09f2c73d78d49d2e3bb4efa3c2768e2221110662b3ebbc30d237d1e125a1,0,170,0,7872995,155,10,1,14878923,0,100;;
2020-05-17T07:52:20.869Z,707d09f2c73d78d49d2e3bb4efa3c2768e2221110662b3ebbc30d237d1e125a1,0,170,0,7872995,160,10,1,14878923,0,100;;
2020-05-17T07:52:21.870Z,707d09f2c73d78d49d2e3bb4efa3c2768e2221110662b3ebbc30d237d1e125a1,0,170,0,7872995,165,10,1,14878923,0,100;;
2020-05-17T07:52:22.869Z,707d09f2c73d78d49d2e3bb4efa3c2768e2221110662b3ebbc30d237d1e125a1,0,170,0,7872996,169,10,1,14878923,0,100;;
2020-05-17T07:52:23.869Z,707d09f2c73d78d49d2e3bb4efa3c2768e2221110662b3ebbc30d237d1e125a1,0,170,0,7872995,168,10,1,14878923,0,100;;
2020-05-17T07:52:24.870Z,707d09f2c73d78d49d2e3bb4efa3c2768e2221110662b3ebbc30d237d1e125a1,0,170,0,7872996,167,10,1,14878923,0,100;;
2020-05-17T07:52:25.869Z,707d09f2c73d78d49d2e3bb4efa3c2768e2221110662b3ebbc30d237d1e125a1,0,170,0,7872995,165,10,1,14878923,0,100;;
2020-05-17T07:52:26.869Z,707d09f2c73d78d49d2e3bb4efa3c2768e2221110662b3ebbc30d237d1e125a1,0,170,0,7872995,164,10,1,14878923,0,100;;
2020-05-17T07:52:27.869Z,707d09f2c73d78d49d2e3bb4efa3c2768e2221110662b3ebbc30d237d1e125a1,0,170,0,7872995,163,10,1,14878923,0,100;;
2020-05-17T07:52:28.869Z,707d09f2c73d78d49d2e3bb4efa3c2768e2221110662b3ebbc30d237d1e125a1,0,170,0,7872995,162,10,1,14878923,0,100;;
2020-05-17T07:52:29.869Z,707d09f2c73d78d49d2e3bb4efa3c2768e2221110662b3ebbc30d237d1e125a1,0,170,0,7872995,160,10,1,14878923,0,100;;
2020-05-17T07:52:30.869Z,707d09f2c73d78d49d2e3bb4efa3c2768e2221110662b3ebbc30d237d1e125a1,0,170,0,7872995,159,10,1,14878923,0,100;;
2020-05-17T07:52:31.870Z,707d09f2c73d78d49d2e3bb4efa3c2768e2221110662b3ebbc30d237d1e125a1,0,170,0,7872995,158,10,1,14878923,0,100;;
2020-05-17T07:52:32.869Z,707d09f2c73d78d49d2e3bb4efa3c2768e2221110662b3ebbc30d237d1e125a1,0,170,0,7872995,157,10,1,14878923,0,100;;
2020-05-17T07:52:33.869Z,707d09f2c73d78d49d2e3bb4efa3c2768e2221110662b3ebbc30d237d1e125a1,0,170,0,7872996,156,10,1,14878923,0,100;;
2020-05-17T07:52:34.869Z,707d09f2c73d78d49d2e3bb4efa3c2768e2221110662b3ebbc30d237d1e125a1,0,170,0,7872995,155,10,1,14878923,0,100;;
2020-05-17T07:52:35.869Z,707d09f2c73d78d49d2e3bb4efa3c2768e2221110662b3ebbc30d237d1e125a1,0,170,0,7872995,154,10,1,14878923,0,100;;
2020-05-17T07:52:36.869Z,707d09f2c73d78d49d2e3bb4efa3c2768e2221110662b3ebbc30d237d1e125a1,0,170,0,7872996,153,10,1,14878923,0,100;;
2020-05-17T07:52:37.870Z,707d09f2c73d78d49d2e3bb4efa3c2768e2221110662b3ebbc30d237d1e125a1,0,170,0,7872995,152,10,1,14878923,0,100;;
2020-05-17T07:52:38.869Z,707d09f2c73d78d49d2e3bb4efa3c2768e2221110662b3ebbc30d237d1e125a1,0,170,0,7872995,151,10,1,14878923,0,100;;
2020-05-17T07:52:39.870Z,707d09f2c73d78d49d2e3bb4efa3c2768e2221110662b3ebbc30d237d1e125a1,0,170,0,7872996,150,10,1,14878923,0,100;;
2020-05-17T07:52:40.870Z,707d09f2c73d78d49d2e3bb4efa3c2768e2221110662b3ebbc30d237d1e125a1,0,170,0,7872995,149,10,1,14878923,0,100;;
2020-05-17T07:52:41.870Z,707d09f2c73d78d49d2e3bb4efa3c2768e2221110662b3ebbc30d237d1e125a1,0,170,0,7872995,148,10,1,14878923,0,100;;
2020-05-17T07:52:42.869Z,707d09f2c73d78d49d2e3bb4efa3c2768e2221110662b3ebbc30d237d1e125a1,0,170,0,7872995,148,10,1,14878923,0,100;;
2020-05-17T07:52:43.869Z,707d09f2c73d78d49d2e3bb4efa3c2768e2221110662b3ebbc30d237d1e125a1,0,170,0,7872995,147,10,1,14878923,0,100;;
2020-05-17T07:52:44.870Z,707d09f2c73d78d49d2e3bb4efa3c2768e2221110662b3ebbc30d237d1e125a1,0,170,0,7872995,146,10,1,14878923,0,100;;
2020-05-17T07:52:45.870Z,707d09f2c73d78d49d2e3bb4efa3c2768e2221110662b3ebbc30d237d1e125a1,0,170,0,7872996,145,10,1,14878923,0,100;;
2020-05-17T07:52:46.869Z,707d09f2c73d78d49d2e3bb4efa3c2768e2221110662b3ebbc30d237d1e125a1,0,170,0,7872995,146,10,1,14878923,0,100;;
2020-05-17T07:52:47.869Z,707d09f2c73d78d49d2e3bb4efa3c2768e2221110662b3ebbc30d237d1e125a1,0,170,0,7872995,150,10,1,14878923,0,100;;
2020-05-17T07:52:48.870Z,707d09f2c73d78d49d2e3bb4efa3c2768e2221110662b3ebbc30d237d1e125a1,0,170,0,7872995,150,10,1,14878923,0,100;;
2020-05-17T07:52:49.869Z,707d09f2c73d78d49d2e3bb4efa3c2768e2221110662b3ebbc30d237d1e125a1,0,170,0,7872995,155,10,1,14878923,0,100;;
2020-05-17T07:52:50.869Z,707d09f2c73d78d49d2e3bb4efa3c2768e2221110662b3ebbc30d237d1e125a1,0,170,0,7872995,160,10,1,14878923,0,100;;
2020-05-17T07:52:51.870Z,707d09f2c73d78d49d2e3bb4efa3c2768e2221110662b3ebbc30d237d1e125a1,0,170,0,7872996,165,10,1,14878923,0,100;;
2020-05-17T07:52:52.869Z,707d09f2c73d78d49d2e3bb4efa3c2768e2221110662b3ebbc30d237d1e125a1,0,170,0,7872996,169,10,1,14878923,0,100;;
2020-05-17T07:52:53.869Z,707d09f2c73d78d49d2e3bb4efa3c2768e2221110662b3ebbc30d237d1e125a1,0,170,0,7872995,168,10,1,14878923,0,100;;
2020-05-17T07:52:54.869Z,707d09f2c73d78d49d2e3bb4efa3c2768e2221110662b3ebbc30d237d1e125a1,0,170,0,7872995,167,10,1,14878923,0,100;;
2020-05-17T07:52:55.869Z,707d09f2c73d78d49d2e3bb4efa3c2768e2221110662b3ebbc30d237d1e125a1,0,170,0,7872996,165,10,1,14878923,0,100;;
2020-05-17T07:52:56.869Z,707d09f2c73d78d49d2e3bb4efa3c2768e2221110662b3ebbc30d237d1e125a1,0,170,0,7872995,164,10,1,14878923,0,100;;
2020-05-17T07:52:57.869Z,707d09f2c73d78d49d2e3bb4efa3c2768e2221110662b3ebbc30d237d1e125a1,0,170,0,7872995,163,10,1,14878923,0,100;;
2020-05-17T07:52:58.869Z,707d09f2c73d78d49d2e3bb4efa3c2768e2221110662b3ebbc30d237d1e125a1,0,170,0,7872995,162,10,1,14878923,0,100;;
2020-05-17T07:52:59.869Z,707d09f2c73d78d49d2e3bb4efa3c2768e2221110662b3ebbc30d237d1e125a1,0,170,0,7872995,160,10,1,14878923,0,100;;
2020-05-17T07:53:00.869Z,707d09f2c73d78d49d2e3bb4efa3c2768e2221110662b3ebbc30d237d1e125a1,0,170,0,7872995,159,10,1,14878923,0,100;;
2020-05-17T07:53:01.869Z,707d09f2c73d78d49d2e3bb4efa3c2768e2221110662b3ebbc30d237d1e125a1,0,170,0,7872995,158,10,1,14878923,0,100;;
2020-05-17T07:53:02.869Z,707d09f2c73d78d49d2e3bb4efa3c2768e2221110662b3ebbc30d237d1e125a1,0,170,0,7872995,157,10,1,14878923,0,100;;
2020-05-17T07:53:03.869Z,707d09f2c73d78d49d2e3bb4efa3c2768e2221110662b3ebbc30d237d1e125a1,0,170,0,7872996,156,10,1,14878923,0,100;;
2020-05-17T07:53:04.869Z,707d09f2c73d78d49d2e3bb4efa3c2768e2221110662b3ebbc30d237d1e125a1,0,170,0,7872995,155,10,1,14878923,0,100;;
2020-05-17T07:53:05.870Z,707d09f2c73d78d49d2e3bb4efa3c2768e2221110662b3ebbc30d237d1e125a1,0,170,0,7872995,154,10,1,14878923,0,100;;
2020-05-17T07:53:06.869Z,707d09f2c73d78d49d2e3bb4efa3c2768e2221110662b3ebbc30d237d1e125a1,0,170,0,7872996,153,10,1,14878923,0,100;;
2020-05-17T07:53:07.870Z,707d09f2c73d78d49d2e3bb4efa3c2768e2221110662b3ebbc30d237d1e125a1,0,170,0,7872995,152,10,1,14878923,0,100;;
2020-05-17T07:53:08.869Z,707d09f2c73d78d49d2e3bb4efa3c2768e2221110662b3ebbc30d237d1e125a1,0,170,0,7872995,151,10,1,14878923,0,100;;
2020-05-17T07:53:09.869Z,707d09f2c73d78d49d2e3bb4efa3c2768e2221110662b3ebbc30d237d1e125a1,0,170,0,7872995,150,10,1,14878923,0,100;;
2020-05-17T07:53:10.869Z,707d09f2c73d78d49d2e3bb4efa3c2768e2221110662b3ebbc30d237d1e125a1,0,170,0,7872996,149,10,1,14878923,0,100;;
2020-05-17T07:53:11.869Z,707d09f2c73d78d49d2e3bb4efa3c2768e2221110662b3ebbc30d237d1e125a1,0,170,0,7872995,148,10,1,14878923,0,100;;
2020-05-17T07:53:12.870Z,707d09f2c73d78d49d2e3bb4efa3c2768e2221110662b3ebbc30d237d1e125a1,0,170,0,7872995,148,10,1,14878923,0,100;;
2020-05-17T07:53:13.869Z,707d09f2c73d78d49d2e3bb4efa3c2768e2221110662b3ebbc30d237d1e125a1,0,170,0,7872995,147,10,1,14878923,0,100;;
2020-05-17T07:53:14.869Z,707d09f2c73d78d49d2e3bb4efa3c2768e2221110662b3ebbc30d237d1e125a1,0,170,0,7872996,146,10,1,14878923,0,100;;
2020-05-17T07:53:15.869Z,707d09f2c73d78d49d2e3bb4efa3c2768e2221110662b3ebbc30d237d1e125a1,0,170,0,7872995,145,10,1,14878923,0,100;;
2020-05-17T07:53:16.869Z,707d09f2c73d78d49d2e3bb4efa3c2768e2221110662b3ebbc30d237d1e125a1,0,170,0,7872995,146,10,1,14878923,0,100;;
2020-05-17T07:53:17.870Z,707d09f2c73d78d49d2e3bb4efa3c2768e2221110662b3ebbc30d237d1e125a1,0,170,0,7872995,150,10,1,14878923,0,100;;
2020-05-17T07:53:18.869Z,707d09f2c73d78d49d2e3bb4efa3c2768e2221110662b3ebbc30d237d1e125a1,0,170,0,7872996,155,10,1,14878923,0,100;;
2020-05-17T07:53:19.869Z,707d09f2c73d78d49d2e3bb4efa3c2768e2221110662b3ebbc30d237d1e125a1,0,170,0,7872995,160,10,1,14878923,0,100;;
2020-05-17T07:53:20.870Z,707d09f2c73d78d49d2e3bb4efa3c2768e2221110662b3ebbc30d237d1e125a1,0,170,0,7872995,165,10,1,14878923,0,100;;
2020-05-17T07:53:21.869Z,707d09f2c73d78d49d2e3bb4efa3c2768e2221110662b3ebbc30d237d1e125a1,0,170,0,7872996,169,10,1,14878923,0,100;;
2020-05-17T07:53:22.870Z,707d09f2c73d78d49d2e3bb4efa3c2768e2221110662b3ebbc30d237d1e125a1,0,170,0,7872995,168,10,1,14878923,0,100;;
2020-05-17T07:53:23.870Z,707d09f2c73d78d49d2e3bb4efa3c2768e2221110662b3ebbc30d237d1e125a1,0,170,0,7872995,168,10,1,14878923,0,100;;
2020-05-17T07:53:24.869Z,707d09f2c73d78d49d2e3bb4efa3c2768e2221110662b3ebbc30d237d1e125a1,0,170,0,7872995,167,10,1,14878923,0,100;;
2020-05-17T07:53:25.870Z,707d09f2c73d78d49d2e3bb4efa3c2768e2221110662b3ebbc30d237d1e125a1,0,170,0,7872995,165,10,1,14878923,0,100;;
2020-05-17T07:53:26.869Z,707d09f2c73d78d49d2e3bb4efa3c2768e2221110662b3ebbc30d237d1e125a1,0,170,0,7872995,164,10,1,14878923,0,100;;
2020-05-17T07:53:27.869Z,707d09f2c73d78d49d2e3bb4efa3c2768e2221110662b3ebbc30d237d1e125a1,0,170,0,7872995,163,10,1,14878923,0,100;;
2020-05-17T07:53:28.869Z,707d09f2c73d78d49d2e3bb4efa3c2768e2221110662b3ebbc30d237d1e125a1,0,170,0,7872996,162,10,1,14878923,0,100;;
2020-05-17T07:53:29.869Z,707d09f2c73d78d49d2e3bb4efa3c2768e2221110662b3ebbc30d237d1e125a1,0,170,0,7872995,160,10,1,14878923,0,100;;
2020-05-17T07:53:30.869Z,707d09f2c73d78d49d2e3bb4efa3c2768e2221110662b3ebbc30d237d1e125a1,0,170,0,7872995,159,10,1,14878923,0,100;;
2020-05-17T07:53:31.869Z,707d09f2c73d78d49d2e3bb4efa3c2768e2221110662b3ebbc30d237d1e125a1,0,170,0,7872995,158,10,1,14878923,0,100;;
2020-05-17T07:53:32.870Z,707d09f2c73d78d49d2e3bb4efa3c2768e2221110662b3ebbc30d237d1e125a1,0,170,0,7872995,157,9,1,14878923,0,100;;
2020-05-17T07:53:33.869Z,707d09f2c73d78d49d2e3bb4efa3c2768e2221110662b3ebbc30d237d1e125a1,0,170,0,7872995,156,9,1,14878923,0,100;;
2020-05-17T07:53:34.870Z,707d09f2c73d78d49d2e3bb4efa3c2768e2221110662b3ebbc30d237d1e125a1,0,170,0,7872996,155,9,1,14878923,0,100;;
2020-05-17T07:53:35.870Z,707d09f2c73d78d49d2e3bb4efa3c2768e2221110662b3ebbc30d237d1e125a1,0,170,0,7872995,154,9,1,14878923,0,100;;
2020-05-17T07:53:36.869Z,707d09f2c73d78d49d2e3bb4efa3c2768e2221110662b3ebbc30d237d1e125a1,0,170,0,7872995,153,9,1,14878923,0,100;;
2020-05-17T07:53:37.870Z,707d09f2c73d78d49d2e3bb4efa3c2768e2221110662b3ebbc30d237d1e125a1,0,170,0,7872995,152,10,1,14878923,0,100;;
2020-05-17T07:53:38.869Z,707d09f2c73d78d49d2e3bb4efa3c2768e2221110662b3ebbc30d237d1e125a1,0,170,0,7872995,151,10,1,14878923,0,100;;
2020-05-17T07:53:39.869Z,707d09f2c73d78d49d2e3bb4efa3c2768e2221110662b3ebbc30d237d1e125a1,0,170,0,7872995,150,10,1,14878923,0,100;;
2020-05-17T07:53:40.869Z,707d09f2c73d78d49d2e3bb4efa3c2768e2221110662b3ebbc30d237d1e125a1,0,170,0,7872995,149,9,1,14878923,0,100;;
2020-05-17T07:53:41.869Z,707d09f2c73d78d49d2e3bb4efa3c2768e2221110662b3ebbc30d237d1e125a1,0,170,0,7872995,148,9,1,14878923,0,100;;
2020-05-17T07:53:42.869Z,707d09f2c73d78d49d2e3bb4efa3c2768e2221110662b3ebbc30d237d1e125a1,0,170,0,7872996,147,9,1,14878923,0,100;;
2020-05-17T07:53:43.870Z,707d09f2c73d78d49d2e3bb4efa3c2768e2221110662b3ebbc30d237d1e125a1,0,170,0,7872995,147,9,1,14878923,0,100;;
2020-05-17T07:53:44.869Z,707d09f2c73d78d49d2e3bb4efa3c2768e2221110662b3ebbc30d237d1e125a1,0,170,0,7872995,146,9,1,14878923,0,100;;
2020-05-17T07:53:45.869Z,707d09f2c73d78d49d2e3bb4efa3c2768e2221110662b3ebbc30d237d1e125a1,0,170,0,7872995,145,9,1,14878923,0,100;;
2020-05-17T07:53:46.869Z,707d09f2c73d78d49d2e3bb4efa3c2768e2221110662b3ebbc30d237d1e125a1,0,170,0,7872995,146,9,1,14878923,0,100;;
2020-05-17T07:53:47.869Z,707d09f2c73d78d49d2e3bb4efa3c2768e2221110662b3ebbc30d237d1e125a1,0,170,0,7872995,150,9,1,14878923,0,100;;
2020-05-17T07:53:48.870Z,707d09f2c73d78d49d2e3bb4efa3c2768e2221110662b3ebbc30d237d1e125a1,0,170,0,7872995,155,9,1,14878923,0,100;;
2020-05-17T07:53:49.869Z,707d09f2c73d78d49d2e3bb4efa3c2768e2221110662b3ebbc30d237d1e125a1,0,170,0,7872996,160,9,1,14878923,0,100;;
2020-05-17T07:53:50.869Z,707d09f2c73d78d49d2e3bb4efa3c2768e2221110662b3ebbc30d237d1e125a1,0,170,0,7872995,165,10,1,14878923,0,100;;
2020-05-17T07:53:51.869Z,707d09f2c73d78d49d2e3bb4efa3c2768e2221110662b3ebbc30d237d1e125a1,0,170,0,7872995,169,9,1,14878923,0,100;;
2020-05-17T07:53:52.869Z,707d09f2c73d78d49d2e3bb4efa3c2768e2221110662b3ebbc30d237d1e125a1,0,170,0,7872995,168,9,1,14878923,0,100;;
2020-05-17T07:53:53.870Z,707d09f2c73d78d49d2e3bb4efa3c2768e2221110662b3ebbc30d237d1e125a1,0,170,0,7872995,167,10,1,14878923,0,100;;
2020-05-17T07:53:54.869Z,707d09f2c73d78d49d2e3bb4efa3c2768e2221110662b3ebbc30d237d1e125a1,0,170,0,7872996,165,10,1,14878923,0,100;;
2020-05-17T07:53:55.869Z,707d09f2c73d78d49d2e3bb4efa3c2768e2221110662b3ebbc30d237d1e125a1,0,170,0,7872995,164,10,1,14878923,0,100;;
2020-05-17T07:53:56.870Z,707d09f2c73d78d49d2e3bb4efa3c2768e2221110662b3ebbc30d237d1e125a1,0,170,0,7872996,163,10,1,14878923,0,100;;
2020-05-17T07:53:57.869Z,707d09f2c73d78d49d2e3bb4efa3c2768e2221110662b3ebbc30d237d1e125a1,0,170,0,7872995,163,10,1,14878923,0,100;;
2020-05-17T07:53:58.869Z,707d09f2c73d78d49d2e3bb4efa3c2768e2221110662b3ebbc30d237d1e125a1,0,170,0,7872995,162,10,1,14878923,0,100;;
2020-05-17T07:53:59.869Z,707d09f2c73d78d49d2e3bb4efa3c2768e2221110662b3ebbc30d237d1e125a1,0,170,0,7872996,160,9,1,14878923,0,100;;
2020-05-17T07:54:00.869Z,707d09f2c73d78d49d2e3bb4efa3c2768e2221110662b3ebbc30d237d1e125a1,0,170,0,7872996,159,9,1,14878923,0,100;;
2020-05-17T07:54:01.869Z,707d09f2c73d78d49d2e3bb4efa3c2768e2221110662b3ebbc30d237d1e125a1,0,170,0,7872995,158,9,1,14878923,0,100;;
2020-05-17T07:54:02.869Z,707d09f2c73d78d49d2e3bb4efa3c2768e2221110662b3ebbc30d237d1e125a1,0,170,0,7872996,157,9,1,14878923,0,100;;
2020-05-17T07:54:03.869Z,707d09f2c73d78d49d2e3bb4efa3c2768e2221110662b3ebbc30d237d1e125a1,0,170,0,7872995,156,9,1,14878923,0,100;;
2020-05-17T07:54:04.869Z,707d09f2c73d78d49d2e3bb4efa3c2768e2221110662b3ebbc30d237d1e125a1,0,170,0,7872995,155,9,1,14878923,0,100;;
2020-05-17T07:54:05.869Z,707d09f2c73d78d49d2e3bb4efa3c2768e2221110662b3ebbc30d237d1e125a1,0,170,0,7872995,154,9,1,14878923,0,100;;
2020-05-17T07:54:06.869Z,707d09f2c73d78d49d2e3bb4efa3c2768e2221110662b3ebbc30d237d1e125a1,0,170,0,7872996,153,9,1,14878923,0,100;;
2020-05-17T07:54:07.869Z,707d09f2c73d78d49d2e3bb4efa3c2768e2221110662b3ebbc30d237d1e125a1,0,170,0,7872995,152,9,1,14878923,0,100;;
2020-05-17T07:54:08.870Z,707d09f2c73d78d49d2e3bb4efa3c2768e2221110662b3ebbc30d237d1e125a1,0,170,0,7872995,151,9,1,14878923,0,100;;
2020-05-17T07:54:09.869Z,707d09f2c73d78d49d2e3bb4efa3c2768e2221110662b3ebbc30d237d1e125a1,0,170,0,7872995,150,9,1,14878923,0,100;;
2020-05-17T07:54:10.869Z,707d09f2c73d78d49d2e3bb4efa3c2768e2221110662b3ebbc30d237d1e125a1,0,170,0,7872995,149,9,1,14878923,0,100;;
2020-05-17T07:54:11.869Z,707d09f2c73d78d49d2e3bb4efa3c2768e2221110662b3ebbc30d237d1e125a1,0,170,0,7872996,148,9,1,14878923,0,100;;
2020-05-17T07:54:12.870Z,707d09f2c73d78d49d2e3bb4efa3c2768e2221110662b3ebbc30d237d1e125a1,0,170,0,7872995,147,9,1,14878923,0,100;;
2020-05-17T07:54:13.870Z,707d09f2c73d78d49d2e3bb4efa3c2768e2221110662b3ebbc30d237d1e125a1,0,170,0,7872995,147,9,1,14878923,0,100;;
2020-05-17T07:54:14.869Z,707d09f2c73d78d49d2e3bb4efa3c2768e2221110662b3ebbc30d237d1e125a1,0,170,0,7872996,146,9,1,14878923,0,100;;
2020-05-17T07:54:15.870Z,707d09f2c73d78d49d2e3bb4efa3c2768e2221110662b3ebbc30d237d1e125a1,0,170,0,7872995,145,9,1,14878923,0,100;;
2020-05-17T07:54:16.869Z,707d09f2c73d78d49d2e3bb4efa3c2768e2221110662b3ebbc30d237d1e125a1,0,170,0,7872995,146,9,1,14878923,0,100;;
2020-05-17T07:54:17.870Z,707d09f2c73d78d49d2e3bb4efa3c2768e2221110662b3ebbc30d237d1e125a1,0,170,0,7872996,150,9,1,14878923,0,100;;
2020-05-17T07:54:18.870Z,707d09f2c73d78d49d2e3bb4efa3c2768e2221110662b3ebbc30d237d1e125a1,0,170,0,7872995,155,9,1,14878923,0,100;;
2020-05-17T07:54:19.869Z,707d09f2c73d78d49d2e3bb4efa3c2768e2221110662b3ebbc30d237d1e125a1,0,170,0,7872995,160,9,1,14878923,0,100;;
2020-05-17T07:54:20.869Z,707d09f2c73d78d49d2e3bb4efa3c2768e2221110662b3ebbc30d237d1e125a1,0,170,0,7872995,165,9,1,14878923,0,100;;
2020-05-17T07:54:21.869Z,707d09f2c73d78d49d2e3bb4efa3c2768e2221110662b3ebbc30d237d1e125a1,0,170,0,7872996,169,9,1,14878923,0,100;;
2020-05-17T07:54:22.869Z,707d09f2c73d78d49d2e3bb4efa3c2768e2221110662b3ebbc30d237d1e125a1,0,170,0,7872995,168,9,1,14878923,0,100;;
2020-05-17T07:54:23.869Z,707d09f2c73d78d49d2e3bb4efa3c2768e2221110662b3ebbc30d237d1e125a1,0,170,0,7872995,167,9,1,14878923,0,100;;
2020-05-17T07:54:24.870Z,707d09f2c73d78d49d2e3bb4efa3c2768e2221110662b3ebbc30d237d1e125a1,0,170,0,7872995,165,9,1,14878923,0,100;;
2020-05-17T07:54:25.869Z,707d09f2c73d78d49d2e3bb4efa3c2768e2221110662b3ebbc30d237d1e125a1,0,170,0,7872995,164,9,1,14878923,0,100;;
2020-05-17T07:54:26.869Z,707d09f2c73d78d49d2e3bb4efa3c2768e2221110662b3ebbc30d237d1e125a1,0,170,0,7872996,163,9,1,14878923,0,100;;
2020-05-17T07:54:27.869Z,707d09f2c73d78d49d2e3bb4efa3c2768e2221110662b3ebbc30d237d1e125a1,0,170,0,7872995,162,9,1,14878923,0,100;;
2020-05-17T07:54:28.869Z,707d09f2c73d78d49d2e3bb4efa3c2768e2221110662b3ebbc30d237d1e125a1,0,170,0,7872996,160,9,1,14878923,0,100;;
2020-05-17T07:54:29.869Z,707d09f2c73d78d49d2e3bb4efa3c2768e2221110662b3ebbc30d237d1e125a1,0,170,0,7872995,159,9,1,14878923,0,100;;
2020-05-17T07:54:30.870Z,707d09f2c73d78d49d2e3bb4efa3c2768e2221110662b3ebbc30d237d1e125a1,0,170,0,7872996,158,9,1,14878923,0,100;;
2020-05-17T07:54:31.870Z,707d09f2c73d78d49d2e3bb4efa3c2768e2221110662b3ebbc30d237d1e125a1,0,170,0,7872995,157,9,1,14878923,0,100;;
2020-05-17T07:54:32.869Z,707d09f2c73d78d49d2e3bb4efa3c2768e2221110662b3ebbc30d237d1e125a1,0,170,0,7872995,156,9,1,14878923,0,100;;
2020-05-17T07:54:33.869Z,707d09f2c73d78d49d2e3bb4efa3c2768e2221110662b3ebbc30d237d1e125a1,0,170,0,7872995,156,9,1,14878923,0,100;;
2020-05-17T07:54:34.869Z,707d09f2c73d78d49d2e3bb4efa3c2768e2221110662b3ebbc30d237d1e125a1,0,170,0,7872995,155,9,1,14878923,0,100;;
2020-05-17T07:54:35.869Z,707d09f2c73d78d49d2e3bb4efa3c2768e2221110662b3ebbc30d237d1e125a1,0,170,0,7872995,154,9,1,14878923,0,100;;
2020-05-17T07:54:36.869Z,707d09f2c73d78d49d2e3bb4efa3c2768e2221110662b3ebbc30d237d1e125a1,0,170,0,7872995,153,9,1,14878923,0,100;;
2020-05-17T07:54:37.869Z,707d09f2c73d78d49d2e3bb4efa3c2768e2221110662b3ebbc30d237d1e125a1,0,170,0,7872995,152,9,1,14878923,0,100;;
2020-05-17T07:54:38.870Z,707d09f2c73d78d49d2e3bb4efa3c2768e2221110662b3ebbc30d237d1e125a1,0,170,0,7872995,151,9,1,14878923,0,100;;
2020-05-17T07:54:39.870Z,707d09f2c73d78d49d2e3bb4efa3c2768e2221110662b3ebbc30d237d1e125a1,0,170,0,7872995,150,9,1,14878923,0,100;;
2020-05-17T07:54:40.870Z,707d09f2c73d78d49d2e3bb4efa3c2768e2221110662b3ebbc30d237d1e125a1,0,171,6,7872996,149,10,1,14878925,0,100;;
2020-05-17T07:54:41.869Z,707d09f2c73d78d49d2e3bb4efa3c2768e2221110662b3ebbc30d237d1e125a1,0,175,14356,7872996,148,9,1,12844774,0,100;;
2020-05-17T07:54:42.870Z,707d09f2c73d78d49d2e3bb4efa3c2768e2221110662b3ebbc30d237d1e125a1,0,179,14356,7872991,147,12,1,10382675,0,100;;
2020-05-17T07:54:43.869Z,707d09f2c73d78d49d2e3bb4efa3c2768e2221110662b3ebbc30d237d1e125a1,0,183,14356,7872993,146,14,1,7920520,0,100;;
2020-05-17T07:54:44.869Z,707d09f2c73d78d49d2e3bb4efa3c2768e2221110662b3ebbc30d237d1e125a1,0,187,14356,7872995,146,19,1,5458368,0,100;;
2020-05-17T07:54:45.870Z,707d09f2c73d78d49d2e3bb4efa3c2768e2221110662b3ebbc30d237d1e125a1,0,190,14341,7872994,145,4,1,3379058,0,100;;
2020-05-17T07:54:46.870Z,707d09f2c73d78d49d2e3bb4efa3c2768e2221110662b3ebbc30d237d1e125a1,0,190,0,7872994,146,13,1,3378920,0,100;;
2020-05-17T07:54:47.870Z,707d09f2c73d78d49d2e3bb4efa3c2768e2221110662b3ebbc30d237d1e125a1,0,189,14356,7872996,150,9,1,5011103,0,100;;
2020-05-17T07:54:48.869Z,707d09f2c73d78d49d2e3bb4efa3c2768e2221110662b3ebbc30d237d1e125a1,0,185,14356,7872999,155,12,1,7473219,0,100;;
2020-05-17T07:54:49.869Z,707d09f2c73d78d49d2e3bb4efa3c2768e2221110662b3ebbc30d237d1e125a1,0,180,14356,7872997,160,15,1,9935350,0,100;;
2020-05-17T07:54:50.869Z,707d09f2c73d78d49d2e3bb4efa3c2768e2221110662b3ebbc30d237d1e125a1,0,176,14356,7872998,165,18,1,12397477,0,100;;
2020-05-17T07:54:51.870Z,707d09f2c73d78d49d2e3bb4efa3c2768e2221110662b3ebbc30d237d1e125a1,0,172,14341,7872998,169,39,1,14804936,0,100;;
2020-05-17T07:54:52.869Z,707d09f2c73d78d49d2e3bb4efa3c2768e2221110662b3ebbc30d237d1e125a1,0,170,0,7872998,168,14,1,14878925,0,100;;
2020-05-17T07:54:53.869Z,707d09f2c73d78d49d2e3bb4efa3c2768e2221110662b3ebbc30d237d1e125a1,0,171,14356,7872992,167,7,1,13598507,0,100;;
2020-05-17T07:54:54.869Z,707d09f2c73d78d49d2e3bb4efa3c2768e2221110662b3ebbc30d237d1e125a1,0,175,14356,7872990,165,11,1,11136383,0,100;;
2020-05-17T07:54:55.870Z,707d09f2c73d78d49d2e3bb4efa3c2768e2221110662b3ebbc30d237d1e125a1,0,179,14356,7872994,164,13,1,8674211,0,100;;
2020-05-17T07:54:56.869Z,707d09f2c73d78d49d2e3bb4efa3c2768e2221110662b3ebbc30d237d1e125a1,0,183,14356,7872994,163,18,1,6212118,0,100;;
2020-05-17T07:54:57.869Z,707d09f2c73d78d49d2e3bb4efa3c2768e2221110662b3ebbc30d237d1e125a1,0,188,14356,7872993,162,21,1,6212118,0,100;;
2020-05-17T07:54:58.869Z,707d09f2c73d78d49d2e3bb4efa3c2768e2221110662b3ebbc30d237d1e125a1,0,190,14341,7872991,160,21,1,3749953,0,100;;
2020-05-17T07:54:59.869Z,707d09f2c73d78d49d2e3bb4efa3c2768e2221110662b3ebbc30d237d1e125a1,0,189,0,7872997,159,14,1,3378919,0,100;;
2020-05-17T07:55:00.869Z,707d09f2c73d78d49d2e3bb4efa3c2768e2221110662b3ebbc30d237d1e125a1,0,184,14356,7872999,158,8,1,4408071,0,100;;
2020-05-17T07:55:01.869Z,707d09f2c73d78d49d2e3bb4efa3c2768e2221110662b3ebbc30d237d1e125a1,0,180,14356,7872998,157,11,1,6870255,0,100;;
2020-05-17T07:55:02.869Z,707d09f2c73d78d49d2e3bb4efa3c2768e2221110662b3ebbc30d237d1e125a1,0,176,14356,7872998,156,14,1,9332362,0,100;;
2020-05-17T07:55:03.869Z,707d09f2c73d78d49d2e3bb4efa3c2768e2221110662b3ebbc30d237d1e125a1,0,172,14356,7872999,155,20,1,11794507,0,100;;
2020-05-17T07:55:04.869Z,707d09f2c73d78d49d2e3bb4efa3c2768e2221110662b3ebbc30d237d1e125a1,0,169,14341,7872999,154,22,1,14256704,0,100;;
2020-05-17T07:55:05.870Z,707d09f2c73d78d49d2e3bb4efa3c2768e2221110662b3ebbc30d237d1e125a1,0,169,0,7872995,153,16,1,14878926,0,100;;
2020-05-17T07:55:06.869Z,707d09f2c73d78d49d2e3bb4efa3c2768e2221110662b3ebbc30d237d1e125a1,0,169,0,7872995,152,12,1,14878923,0,100;;
2020-05-17T07:55:07.869Z,707d09f2c73d78d49d2e3bb4efa3c2768e2221110662b3ebbc30d237d1e125a1,0,169,0,7872995,152,12,1,14878923,0,100;;
2020-05-17T07:55:08.870Z,707d09f2c73d78d49d2e3bb4efa3c2768e2221110662b3ebbc30d237d1e125a1,0,170,0,7872995,151,12,1,14878923,0,100;;
2020-05-17T07:55:09.869Z,707d09f2c73d78d49d2e3bb4efa3c2768e2221110662b3ebbc30d237d1e125a1,0,170,0,7872995,150,12,1,14878923,0,100;;
2020-05-17T07:55:10.869Z,707d09f2c73d78d49d2e3bb4efa3c2768e2221110662b3ebbc30d237d1e125a1,0,170,0,7872995,149,12,1,14878923,0,100;;
2020-05-17T07:55:11.869Z,707d09f2c73d78d49d2e3bb4efa3c2768e2221110662b3ebbc30d237d1e125a1,0,170,0,7872995,148,12,1,14878923,0,100;;
2020-05-17T07:55:12.869Z,707d09f2c73d78d49d2e3bb4efa3c2768e2221110662b3ebbc30d237d1e125a1,0,170,0,7872995,147,12,1,14878923,0,100;;
2020-05-17T07:55:13.869Z,707d09f2c73d78d49d2e3bb4efa3c2768e2221110662b3ebbc30d237d1e125a1,0,170,0,7872995,146,12,1,14878923,0,100;;
2020-05-17T07:55:14.870Z,707d09f2c73d78d49d2e3bb4efa3c2768e2221110662b3ebbc30d237d1e125a1,0,170,0,7872995,146,12,1,14878923,0,100;;
2020-05-17T07:55:15.869Z,707d09f2c73d78d49d2e3bb4efa3c2768e2221110662b3ebbc30d237d1e125a1,0,170,0,7872995,145,12,1,14878923,0,100;;
2020-05-17T07:55:16.870Z,707d09f2c73d78d49d2e3bb4efa3c2768e2221110662b3ebbc30d237d1e125a1,0,170,0,7872996,146,12,1,14878923,0,100;;
2020-05-17T07:55:17.869Z,707d09f2c73d78d49d2e3bb4efa3c2768e2221110662b3ebbc30d237d1e125a1,0,170,0,7872995,150,12,1,14878923,0,100;;
2020-05-17T07:55:18.869Z,27c15ff420f124f09fc350286726c9204e7ded191a9478f0325a59b1122e4290,0,170,0,7872995,155,12,1,14878923,0,100;;
2020-05-17T07:55:19.870Z,27c15ff420f124f09fc350286726c9204e7ded191a9478f0325a59b1122e4290,0,170,0,7872995,160,12,1,14878923,0,100;;
2020-05-17T07:55:20.869Z,27c15ff420f124f09fc350286726c9204e7ded191a9478f0325a59b1122e4290,0,170,0,7872995,165,12,1,14878923,0,100;;
2020-05-17T07:55:21.870Z,27c15ff420f124f09fc350286726c9204e7ded191a9478f0325a59b1122e4290,0,170,0,7872995,169,12,1,14878923,0,100;;
2020-05-17T07:55:22.869Z,27c15ff420f124f09fc350286726c9204e7ded191a9478f0325a59b1122e4290,0,170,0,7872995,168,12,1,14878923,0,100;;
2020-05-17T07:55:23.869Z,27c15ff420f124f09fc350286726c9204e7ded191a9478f0325a59b1122e4290,0,170,0,7872996,167,12,1,14878923,0,100;;
2020-05-17T07:55:24.869Z,27c15ff420f124f09fc350286726c9204e7ded191a9478f0325a59b1122e4290,0,170,0,7872995,165,11,1,14878923,0,100;;
2020-05-17T07:55:25.869Z,27c15ff420f124f09fc350286726c9204e7ded191a9478f0325a59b1122e4290,0,170,0,7872995,164,11,1,14878923,0,100;;
2020-05-17T07:55:26.870Z,27c15ff420f124f09fc350286726c9204e7ded191a9478f0325a59b1122e4290,0,170,0,7872996,163,11,1,14878923,0,100;;
2020-05-17T07:55:27.869Z,27c15ff420f124f09fc350286726c9204e7ded191a9478f0325a59b1122e4290,0,170,46,7872995,162,12,1,14878924,0,100;;
2020-05-17T07:55:28.869Z,27c15ff420f124f09fc350286726c9204e7ded191a9478f0325a59b1122e4290,0,171,10000,7872997,160,6,1,13462759,0,100;;
2020-05-17T07:55:29.869Z,27c15ff420f124f09fc350286726c9204e7ded191a9478f0325a59b1122e4290,0,173,10000,7872992,159,9,1,11747765,0,100;;
2020-05-17T07:55:30.869Z,27c15ff420f124f09fc350286726c9204e7ded191a9478f0325a59b1122e4290,0,176,10000,7872994,158,11,1,10032769,0,100;;
2020-05-17T07:55:31.869Z,27c15ff420f124f09fc350286726c9204e7ded191a9478f0325a59b1122e4290,0,179,10000,7872994,157,13,1,8317734,0,100;;
2020-05-17T07:55:32.870Z,27c15ff420f124f09fc350286726c9204e7ded191a9478f0325a59b1122e4290,0,182,10000,7872995,156,14,1,6602741,0,100;;
2020-05-17T07:55:33.870Z,27c15ff420f124f09fc350286726c9204e7ded191a9478f0325a59b1122e4290,0,185,10000,7872994,155,18,1,4887763,0,100;;
2020-05-17T07:55:34.869Z,27c15ff420f124f09fc350286726c9204e7ded191a9478f0325a59b1122e4290,0,188,9993,7872995,154,6,1,3379332,0,100;;
2020-05-17T07:55:35.869Z,27c15ff420f124f09fc350286726c9204e7ded191a9478f0325a59b1122e4290,0,190,0,7872994,153,14,1,3378920,0,100;;
2020-05-17T07:55:36.869Z,27c15ff420f124f09fc350286726c9204e7ded191a9478f0325a59b1122e4290,0,189,10000,7872997,152,7,1,4550077,0,100;;
2020-05-17T07:55:37.870Z,27c15ff420f124f09fc350286726c9204e7ded191a9478f0325a59b1122e4290,0,186,10000,7872998,151,8,1,6265083,0,100;;
2020-05-17T07:55:38.870Z,27c15ff420f124f09fc350286726c9204e7ded191a9478f0325a59b1122e4290,0,183,10000,7872996,150,11,1,7980081,0,100;;
2020-05-17T07:55:39.869Z,27c15ff420f124f09fc350286726c9204e7ded191a9478f0325a59b1122e4290,0,179,10000,7872997,149,15,1,9695091,0,100;;
2020-05-17T07:55:40.869Z,27c15ff420f124f09fc350286726c9204e7ded191a9478f0325a59b1122e4290,0,176,10000,7872997,149,16,1,11410094,0,100;;
2020-05-17T07:55:41.869Z,27c15ff420f124f09fc350286726c9204e7ded191a9478f0325a59b1122e4290,0,174,10000,7872997,148,18,1,11410094,0,100;;
2020-05-17T07:55:42.869Z,27c15ff420f124f09fc350286726c9204e7ded191a9478f0325a59b1122e4290,0,171,9993,7872997,147,18,1,13125087,0,100;;
2020-05-17T07:55:43.869Z,27c15ff420f124f09fc350286726c9204e7ded191a9478f0325a59b1122e4290,0,169,0,7872997,146,20,1,14815102,0,100;;
2020-05-17T07:55:44.869Z,27c15ff420f124f09fc350286726c9204e7ded191a9478f0325a59b1122e4290,0,170,10000,7872995,145,15,1,14878925,0,100;;
2020-05-17T07:55:45.869Z,27c15ff420f124f09fc350286726c9204e7ded191a9478f0325a59b1122e4290,0,172,10000,7872990,145,6,1,13952749,0,100;;
2020-05-17T07:55:46.869Z,27c15ff420f124f09fc350286726c9204e7ded191a9478f0325a59b1122e4290,0,175,10000,7872993,146,7,1,12237779,0,100;;
2020-05-17T07:55:47.869Z,27c15ff420f124f09fc350286726c9204e7ded191a9478f0325a59b1122e4290,0,178,10000,7872995,150,11,1,10522716,0,100;;
2020-05-17T07:55:48.869Z,27c15ff420f124f09fc350286726c9204e7ded191a9478f0325a59b1122e4290,0,181,10000,7872994,155,11,1,8807749,0,100;;
2020-05-17T07:55:49.869Z,27c15ff420f124f09fc350286726c9204e7ded191a9478f0325a59b1122e4290,0,184,10000,7872993,160,14,1,7092766,0,100;;
2020-05-17T07:55:50.869Z,27c15ff420f124f09fc350286726c9204e7ded191a9478f0325a59b1122e4290,0,187,10000,7872994,165,17,1,5377771,0,100;;
2020-05-17T07:55:51.869Z,27c15ff420f124f09fc350286726c9204e7ded191a9478f0325a59b1122e4290,0,189,9993,7872993,169,20,1,3662725,0,100;;
2020-05-17T07:55:52.869Z,27c15ff420f124f09fc350286726c9204e7ded191a9478f0325a59b1122e4290,0,189,0,7872996,168,14,1,3378919,0,100;;
2020-05-17T07:55:53.869Z,27c15ff420f124f09fc350286726c9204e7ded191a9478f0325a59b1122e4290,0,188,10000,7872999,167,6,1,4025102,0,100;;
2020-05-17T07:55:54.870Z,27c15ff420f124f09fc350286726c9204e7ded191a9478f0325a59b1122e4290,0,185,10000,7872999,165,8,1,5740063,0,100;;
2020-05-17T07:55:55.869Z,27c15ff420f124f09fc350286726c9204e7ded191a9478f0325a59b1122e4290,0,182,10000,7872997,164,11,1,7455089,0,100;;
2020-05-17T07:55:56.869Z,27c15ff420f124f09fc350286726c9204e7ded191a9478f0325a59b1122e4290,0,179,10000,7872997,163,14,1,9170098,0,100;;
2020-05-17T07:55:57.869Z,27c15ff420f124f09fc350286726c9204e7ded191a9478f0325a59b1122e4290,0,176,10000,7872997,162,15,1,10885089,0,100;;
2020-05-17T07:55:58.869Z,27c15ff420f124f09fc350286726c9204e7ded191a9478f0325a59b1122e4290,0,173,10000,7872997,160,18,1,12600094,0,100;;
2020-05-17T07:55:59.869Z,27c15ff420f124f09fc350286726c9204e7ded191a9478f0325a59b1122e4290,0,170,9993,7872997,159,21,1,14315078,0,100;;
2020-05-17T07:56:00.869Z,27c15ff420f124f09fc350286726c9204e7ded191a9478f0325a59b1122e4290,0,169,0,7872997,158,16,1,14878926,0,100;;
2020-05-17T07:56:01.869Z,27c15ff420f124f09fc350286726c9204e7ded191a9478f0325a59b1122e4290,0,169,0,7872995,157,12,1,14878924,0,100;;
2020-05-17T07:56:02.869Z,27c15ff420f124f09fc350286726c9204e7ded191a9478f0325a59b1122e4290,0,169,0,7872995,156,12,1,14878923,0,100;;
2020-05-17T07:56:03.869Z,27c15ff420f124f09fc350286726c9204e7ded191a9478f0325a59b1122e4290,0,169,0,7872995,155,13,1,14878923,0,100;;
2020-05-17T07:56:04.869Z,27c15ff420f124f09fc350286726c9204e7ded191a9478f0325a59b1122e4290,0,169,0,7872995,154,13,1,14878923,0,100;;
2020-05-17T07:56:05.869Z,27c15ff420f124f09fc350286726c9204e7ded191a9478f0325a59b1122e4290,0,169,0,7872995,153,12,1,14878923,0,100;;
2020-05-17T07:56:06.869Z,27c15ff420f124f09fc350286726c9204e7ded191a9478f0325a59b1122e4290,0,169,0,7872995,152,12,1,14878923,0,100;;
2020-05-17T07:56:07.869Z,27c15ff420f124f09fc350286726c9204e7ded191a9478f0325a59b1122e4290,0,169,0,7872995,151,12,1,14878923,0,100;;
2020-05-17T07:56:08.869Z,27c15ff420f124f09fc350286726c9204e7ded191a9478f0325a59b1122e4290,0,169,0,7872995,150,12,1,14878923,0,100;;
2020-05-17T07:56:09.870Z,27c15ff420f124f09fc350286726c9204e7ded191a9478f0325a59b1122e4290,0,169,0,7872996,149,12,1,14878923,0,100;;
2020-05-17T07:56:10.869Z,27c15ff420f124f09fc350286726c9204e7ded191a9478f0325a59b1122e4290,0,169,0,7872995,149,12,1,14878923,0,100;;
2020-05-17T07:56:11.869Z,27c15ff420f124f09fc350286726c9204e7ded191a9478f0325a59b1122e4290,0,169,0,7872995,148,12,1,14878923,0,100;;
2020-05-17T07:56:12.869Z,69a7c086b68f4739e4aec3025438900447bf592188dcbd7c78bddc0929188587,0,169,0,7872995,147,12,1,14878923,0,100;;
2020-05-17T07:56:13.869Z,69a7c086b68f4739e4aec3025438900447bf592188dcbd7c78bddc0929188587,0,169,0,7872995,146,12,1,14878923,0,100;;
2020-05-17T07:56:14.870Z,69a7c086b68f4739e4aec3025438900447bf592188dcbd7c78bddc0929188587,0,169,0,7872995,145,12,1,14878923,0,100;;
2020-05-17T07:56:15.869Z,69a7c086b68f4739e4aec3025438900447bf592188dcbd7c78bddc0929188587,0,169,0,7872996,145,12,1,14878923,0,100;;
2020-05-17T07:56:16.870Z,69a7c086b68f4739e4aec3025438900447bf592188dcbd7c78bddc0929188587,0,169,0,7872995,146,12,1,14878923,0,100;;
2020-05-17T07:56:17.869Z,69a7c086b68f4739e4aec3025438900447bf592188dcbd7c78bddc0929188587,0,169,0,7872996,150,12,1,14878923,0,100;;
2020-05-17T07:56:18.869Z,69a7c086b68f4739e4aec3025438900447bf592188dcbd7c78bddc0929188587,0,169,0,7872995,155,12,1,14878923,0,100;;
2020-05-17T07:56:19.870Z,69a7c086b68f4739e4aec3025438900447bf592188dcbd7c78bddc0929188587,0,169,0,7872995,160,12,1,14878923,0,100;;
2020-05-17T07:56:20.869Z,69a7c086b68f4739e4aec3025438900447bf592188dcbd7c78bddc0929188587,0,169,0,7872995,165,12,1,14878923,0,100;;
2020-05-17T07:56:21.869Z,69a7c086b68f4739e4aec3025438900447bf592188dcbd7c78bddc0929188587,0,169,0,7872995,169,12,1,14878923,0,100;;
2020-05-17T07:56:22.869Z,69a7c086b68f4739e4aec3025438900447bf592188dcbd7c78bddc0929188587,0,170,1,7872996,168,14,1,14878925,0,100;;
2020-05-17T07:56:23.869Z,69a7c086b68f4739e4aec3025438900447bf592188dcbd7c78bddc0929188587,0,171,3000,7872997,167,6,1,14418284,0,100;;
2020-05-17T07:56:24.869Z,69a7c086b68f4739e4aec3025438900447bf592188dcbd7c78bddc0929188587,0,171,3000,7872995,165,5,1,13903772,0,100;;
2020-05-17T07:56:25.870Z,69a7c086b68f4739e4aec3025438900447bf592188dcbd7c78bddc0929188587,0,172,3000,7872994,164,6,1,13389283,0,100;;
2020-05-17T07:56:26.869Z,69a7c086b68f4739e4aec3025438900447bf592188dcbd7c78bddc0929188587,0,173,3000,7872995,163,5,1,12874764,0,100;;
2020-05-17T07:56:27.869Z,69a7c086b68f4739e4aec3025438900447bf592188dcbd7c78bddc0929188587,0,174,3000,7872995,162,7,1,12360264,0,100;;
2020-05-17T07:56:28.870Z,69a7c086b68f4739e4aec3025438900447bf592188dcbd7c78bddc0929188587,0,175,3000,7872994,160,7,1,11845790,0,100;;
2020-05-17T07:56:29.869Z,69a7c086b68f4739e4aec3025438900447bf592188dcbd7c78bddc0929188587,0,176,3000,7872995,159,7,1,11331253,0,100;;
2020-05-17T07:56:30.869Z,69a7c086b68f4739e4aec3025438900447bf592188dcbd7c78bddc0929188587,0,176,3000,7872995,158,9,1,10816768,0,100;;
2020-05-17T07:56:31.869Z,69a7c086b68f4739e4aec3025438900447bf592188dcbd7c78bddc0929188587,0,177,3000,7872995,157,9,1,10302283,0,100;;
2020-05-17T07:56:32.870Z,69a7c086b68f4739e4aec3025438900447bf592188dcbd7c78bddc0929188587,0,178,3000,7872995,156,10,1,9787760,0,100;;
2020-05-17T07:56:33.869Z,69a7c086b68f4739e4aec3025438900447bf592188dcbd7c78bddc0929188587,0,179,3000,7872995,155,10,1,9273259,0,100;;
2020-05-17T07:56:34.869Z,69a7c086b68f4739e4aec3025438900447bf592188dcbd7c78bddc0929188587,0,180,3000,7872995,154,11,1,8758773,0,100;;
2020-05-17T07:56:35.869Z,69a7c086b68f4739e4aec3025438900447bf592188dcbd7c78bddc0929188587,0,181,3000,7872995,153,12,1,8244289,0,100;;
2020-05-17T07:56:36.870Z,69a7c086b68f4739e4aec3025438900447bf592188dcbd7c78bddc0929188587,0,181,3000,7872995,152,12,1,7729746,0,100;;
2020-05-17T07:56:37.869Z,69a7c086b68f4739e4aec3025438900447bf592188dcbd7c78bddc0929188587,0,182,3000,7872996,151,14,1,7215275,0,100;;
2020-05-17T07:56:38.869Z,69a7c086b68f4739e4aec3025438900447bf592188dcbd7c78bddc0929188587,0,183,3000,7872995,150,13,1,6700784,0,100;;
2020-05-17T07:56:39.869Z,69a7c086b68f4739e4aec3025438900447bf592188dcbd7c78bddc0929188587,0,184,3000,7872995,149,15,1,6186271,0,100;;
2020-05-17T07:56:40.869Z,69a7c086b68f4739e4aec3025438900447bf592188dcbd7c78bddc0929188587,0,185,3000,7872995,148,15,1,5671773,0,100;;
2020-05-17T07:56:41.869Z,69a7c086b68f4739e4aec3025438900447bf592188dcbd7c78bddc0929188587,0,186,3000,7872995,148,16,1,5157283,0,100;;
2020-05-17T07:56:42.869Z,69a7c086b68f4739e4aec3025438900447bf592188dcbd7c78bddc0929188587,0,187,3000,7872995,147,17,1,4642774,0,100;;
2020-05-17T07:56:43.870Z,69a7c086b68f4739e4aec3025438900447bf592188dcbd7c78bddc0929188587,0,188,3000,7872995,146,17,1,4642774,0,100;;
2020-05-17T07:56:44.870Z,69a7c086b68f4739e4aec3025438900447bf592188dcbd7c78bddc0929188587,0,188,3000,7872995,145,18,1,4128253,0,100;;
2020-05-17T07:56:45.870Z,69a7c086b68f4739e4aec3025438900447bf592188dcbd7c78bddc0929188587,0,189,2959,7872995,146,19,1,3613780,0,100;;
2020-05-17T07:56:46.869Z,69a7c086b68f4739e4aec3025438900447bf592188dcbd7c78bddc0929188587,0,189,0,7872994,150,14,1,3378920,0,100;;
2020-05-17T07:56:47.869Z,69a7c086b68f4739e4aec3025438900447bf592188dcbd7c78bddc0929188587,0,188,3000,7872994,155,4,1,3482567,0,100;;
2020-05-17T07:56:48.869Z,69a7c086b68f4739e4aec3025438900447bf592188dcbd7c78bddc0929188587,0,187,3000,7872995,155,4,1,3997071,0,100;;
2020-05-17T07:56:49.869Z,69a7c086b68f4739e4aec3025438900447bf592188dcbd7c78bddc0929188587,0,186,3000,7872995,160,5,1,4511554,0,100;;
2020-05-17T07:56:50.869Z,69a7c086b68f4739e4aec3025438900447bf592188dcbd7c78bddc0929188587,0,185,3000,7872996,165,5,1,5026078,0,100;;
2020-05-17T07:56:51.869Z,69a7c086b68f4739e4aec3025438900447bf592188dcbd7c78bddc0929188587,0,184,3000,7872996,169,6,1,5540578,0,100;;
2020-05-17T07:56:52.869Z,69a7c086b68f4739e4aec3025438900447bf592188dcbd7c78bddc0929188587,0,183,3000,7872996,168,7,1,6055067,0,100;;
2020-05-17T07:56:53.870Z,69a7c086b68f4739e4aec3025438900447bf592188dcbd7c78bddc0929188587,0,182,3000,7872996,167,8,1,6569564,0,100;;
2020-05-17T07:56:54.870Z,69a7c086b68f4739e4aec3025438900447bf592188dcbd7c78bddc0929188587,0,181,3000,7872996,165,8,1,7084072,0,100;;
2020-05-17T07:56:55.869Z,69a7c086b68f4739e4aec3025438900447bf592188dcbd7c78bddc0929188587,0,180,3000,7872996,164,10,1,7598568,0,100;;
2020-05-17T07:56:56.869Z,69a7c086b68f4739e4aec3025438900447bf592188dcbd7c78bddc0929188587,0,179,3000,7872996,163,11,1,8113063,0,100;;
2020-05-17T07:56:57.869Z,69a7c086b68f4739e4aec3025438900447bf592188dcbd7c78bddc0929188587,0,178,3000,7872996,162,11,1,8627573,0,100;;
2020-05-17T07:56:58.869Z,69a7c086b68f4739e4aec3025438900447bf592188dcbd7c78bddc0929188587,0,178,3000,7872996,160,12,1,9142092,0,100;;
2020-05-17T07:56:59.869Z,69a7c086b68f4739e4aec3025438900447bf592188dcbd7c78bddc0929188587,0,177,3000,7872996,159,14,1,9656571,0,100;;
2020-05-17T07:57:00.869Z,69a7c086b68f4739e4aec3025438900447bf592188dcbd7c78bddc0929188587,0,176,3000,7872996,158,13,1,10171075,0,100;;
2020-05-17T07:57:01.869Z,69a7c086b68f4739e4aec3025438900447bf592188dcbd7c78bddc0929188587,0,175,3000,7872995,157,14,1,10685577,0,100;;
2020-05-17T07:57:02.887Z,69a7c086b68f4739e4aec3025438900447bf592188dcbd7c78bddc0929188587,0,174,3000,7872997,156,15,1,11200061,0,100;;
2020-05-17T07:57:03.887Z,69a7c086b68f4739e4aec3025438900447bf592188dcbd7c78bddc0929188587,0,173,3000,7872997,155,16,1,11714547,0,100;;
2020-05-17T07:57:04.887Z,69a7c086b68f4739e4aec3025438900447bf592188dcbd7c78bddc0929188587,0,173,3000,7872996,154,16,1,12229072,0,100;;
2020-05-17T07:57:05.887Z,69a7c086b68f4739e4aec3025438900447bf592188dcbd7c78bddc0929188587,0,172,3000,7872996,153,16,1,12743568,0,100;;
2020-05-17T07:57:06.887Z,69a7c086b68f4739e4aec3025438900447bf592188dcbd7c78bddc0929188587,0,171,3000,7872997,152,18,1,13258078,0,100;;
2020-05-17T07:57:07.887Z,69a7c086b68f4739e4aec3025438900447bf592188dcbd7c78bddc0929188587,0,170,3000,7872996,151,18,1,13772560,0,100;;
2020-05-17T07:57:08.887Z,69a7c086b68f4739e4aec3025438900447bf592188dcbd7c78bddc0929188587,0,169,3000,7872996,150,18,1,14287063,0,100;;
2020-05-17T07:57:09.887Z,69a7c086b68f4739e4aec3025438900447bf592188dcbd7c78bddc0929188587,0,169,2959,7872995,149,20,1,14801583,0,100;;
2020-05-17T07:57:10.887Z,69a7c086b68f4739e4aec3025438900447bf592188dcbd7c78bddc0929188587,0,169,0,7872997,148,16,1,14878926,0,100;;
2020-05-17T07:57:11.887Z,69a7c086b68f4739e4aec3025438900447bf592188dcbd7c78bddc0929188587,0,169,3000,7872998,147,6,1,14617802,0,100;;
2020-05-17T07:57:12.887Z,69a7c086b68f4739e4aec3025438900447bf592188dcbd7c78bddc0929188587,0,170,3000,7872997,147,4,1,14103264,0,100;;
2020-05-17T07:57:13.887Z,69a7c086b68f4739e4aec3025438900447bf592188dcbd7c78bddc0929188587,0,171,3000,7872994,146,5,1,13588769,0,100;;
2020-05-17T07:57:14.887Z,69a7c086b68f4739e4aec3025438900447bf592188dcbd7c78bddc0929188587,0,172,3000,7872994,145,5,1,13074267,0,100;;
2020-05-17T07:57:15.887Z,69a7c086b68f4739e4aec3025438900447bf592188dcbd7c78bddc0929188587,0,173,3000,7872994,146,6,1,12559768,0,100;;
2020-05-17T07:57:16.887Z,69a7c086b68f4739e4aec3025438900447bf592188dcbd7c78bddc0929188587,0,173,3000,7872995,150,6,1,12045282,0,100;;
2020-05-17T07:57:17.887Z,69a7c086b68f4739e4aec3025438900447bf592188dcbd7c78bddc0929188587,0,174,3000,7872995,155,7,1,11530758,0,100;;
2020-05-17T07:57:18.887Z,69a7c086b68f4739e4aec3025438900447bf592188dcbd7c78bddc0929188587,0,175,3000,7872994,160,7,1,11530758,0,100;;
2020-05-17T07:57:19.887Z,69a7c086b68f4739e4aec3025438900447bf592188dcbd7c78bddc0929188587,0,176,3000,7872995,165,8,1,11016296,0,100;;
2020-05-17T07:57:20.887Z,69a7c086b68f4739e4aec3025438900447bf592188dcbd7c78bddc0929188587,0,177,3000,7872995,169,8,1,10501754,0,100;;
2020-05-17T07:57:21.887Z,69a7c086b68f4739e4aec3025438900447bf592188dcbd7c78bddc0929188587,0,178,3000,7872994,168,10,1,9987275,0,100;;
2020-05-17T07:57:22.887Z,69a7c086b68f4739e4aec3025438900447bf592188dcbd7c78bddc0929188587,0,178,3000,7872996,167,8,1,9472772,0,100;;
2020-05-17T07:57:23.887Z,69a7c086b68f4739e4aec3025438900447bf592188dcbd7c78bddc0929188587,0,179,3000,7872995,165,10,1,8958265,0,100;;
2020-05-17T07:57:24.887Z,69a7c086b68f4739e4aec3025438900447bf592188dcbd7c78bddc0929188587,0,180,3000,7872994,165,10,1,8443774,0,100;;
2020-05-17T07:57:25.887Z,69a7c086b68f4739e4aec3025438900447bf592188dcbd7c78bddc0929188587,0,181,3000,7872995,164,11,1,7929268,0,100;;
2020-05-17T07:57:26.887Z,69a7c086b68f4739e4aec3025438900447bf592188dcbd7c78bddc0929188587,0,182,3000,7872995,163,12,1,7414783,0,100;;
2020-05-17T07:57:27.887Z,69a7c086b68f4739e4aec3025438900447bf592188dcbd7c78bddc0929188587,0,183,3000,7872995,162,13,1,6900255,0,100;;
2020-05-17T07:57:28.887Z,69a7c086b68f4739e4aec3025438900447bf592188dcbd7c78bddc0929188587,0,184,3000,7872995,160,15,1,6385780,0,100;;
2020-05-17T07:57:29.887Z,69a7c086b68f4739e4aec3025438900447bf592188dcbd7c78bddc0929188587,0,185,3000,7872994,159,14,1,5871277,0,100;;
2020-05-17T07:57:30.887Z,69a7c086b68f4739e4aec3025438900447bf592188dcbd7c78bddc0929188587,0,185,3000,7872995,158,15,1,5356770,0,100;;
2020-05-17T07:57:31.887Z,69a7c086b68f4739e4aec3025438900447bf592188dcbd7c78bddc0929188587,0,186,3000,7872995,157,16,1,4842292,0,100;;
2020-05-17T07:57:32.887Z,69a7c086b68f4739e4aec3025438900447bf592188dcbd7c78bddc0929188587,0,187,3000,7872995,156,17,1,4327775,0,100;;
2020-05-17T07:57:33.887Z,69a7c086b68f4739e4aec3025438900447bf592188dcbd7c78bddc0929188587,0,188,3000,7872995,155,18,1,3813276,0,100;;
2020-05-17T07:57:34.887Z,69a7c086b68f4739e4aec3025438900447bf592188dcbd7c78bddc0929188587,0,188,2959,7872995,154,16,1,3378947,0,100;;
2020-05-17T07:57:35.887Z,69a7c086b68f4739e4aec3025438900447bf592188dcbd7c78bddc0929188587,0,188,0,7872994,153,11,1,3378922,0,100;;
2020-05-17T07:57:36.887Z,69a7c086b68f4739e4aec3025438900447bf592188dcbd7c78bddc0929188587,0,187,3000,7872994,152,4,1,3797564,0,100;;
2020-05-17T07:57:37.887Z,69a7c086b68f4739e4aec3025438900447bf592188dcbd7c78bddc0929188587,0,186,3000,7872996,151,5,1,4312055,0,100;;
2020-05-17T07:57:38.887Z,69a7c086b68f4739e4aec3025438900447bf592188dcbd7c78bddc0929188587,0,185,3000,7872997,150,6,1,4826573,0,100;;
2020-05-17T07:57:39.887Z,69a7c086b68f4739e4aec3025438900447bf592188dcbd7c78bddc0929188587,0,184,3000,7872997,149,6,1,5341068,0,100;;
2020-05-17T07:57:40.887Z,69a7c086b68f4739e4aec3025438900447bf592188dcbd7c78bddc0929188587,0,183,3000,7872997,148,8,1,5855579,0,100;;
2020-05-17T07:57:41.887Z,69a7c086b68f4739e4aec3025438900447bf592188dcbd7c78bddc0929188587,0,182,3000,7872996,147,8,1,6370075,0,100;;
2020-05-17T07:57:42.887Z,69a7c086b68f4739e4aec3025438900447bf592188dcbd7c78bddc0929188587,0,181,3000,7872996,147,9,1,6884567,0,100;;
2020-05-17T07:57:43.887Z,69a7c086b68f4739e4aec3025438900447bf592188dcbd7c78bddc0929188587,0,180,3000,7872995,146,9,1,7399086,0,100;;
2020-05-17T07:57:44.887Z,69a7c086b68f4739e4aec3025438900447bf592188dcbd7c78bddc0929188587,0,180,3000,7872996,145,10,1,7913568,0,100;;
2020-05-17T07:57:45.887Z,69a7c086b68f4739e4aec3025438900447bf592188dcbd7c78bddc0929188587,0,179,3000,7872996,146,11,1,8428064,0,100;;
2020-05-17T07:57:46.888Z,69a7c086b68f4739e4aec3025438900447bf592188dcbd7c78bddc0929188587,0,178,3000,7872996,150,12,1,8942566,0,100;;
2020-05-17T07:57:47.887Z,69a7c086b68f4739e4aec3025438900447bf592188dcbd7c78bddc0929188587,0,177,3000,7872995,155,13,1,9457069,0,100;;
2020-05-17T07:57:48.887Z,69a7c086b68f4739e4aec3025438900447bf592188dcbd7c78bddc0929188587,0,176,3000,7872996,160,13,1,9971577,0,100;;
2020-05-17T07:57:49.887Z,69a7c086b68f4739e4aec3025438900447bf592188dcbd7c78bddc0929188587,0,175,3000,7872996,165,14,1,10486070,0,100;;
2020-05-17T07:57:50.887Z,69a7c086b68f4739e4aec3025438900447bf592188dcbd7c78bddc0929188587,0,174,3000,7872996,169,15,1,11000584,0,100;;
2020-05-17T07:57:51.887Z,69a7c086b68f4739e4aec3025438900447bf592188dcbd7c78bddc0929188587,0,174,3000,7872996,168,16,1,11515062,0,100;;
2020-05-17T07:57:52.887Z,69a7c086b68f4739e4aec3025438900447bf592188dcbd7c78bddc0929188587,0,173,3000,7872996,167,16,1,12029567,0,100;;
2020-05-17T07:57:53.887Z,69a7c086b68f4739e4aec3025438900447bf592188dcbd7c78bddc0929188587,0,172,3000,7872996,165,17,1,12544051,0,100;;
2020-05-17T07:57:54.887Z,69a7c086b68f4739e4aec3025438900447bf592188dcbd7c78bddc0929188587,0,171,3000,7872996,164,17,1,12544051,0,100;;
2020-05-17T07:57:55.887Z,69a7c086b68f4739e4aec3025438900447bf592188dcbd7c78bddc0929188587,0,170,3000,7872996,163,18,1,13058580,0,100;;
2020-05-17T07:57:56.887Z,69a7c086b68f4739e4aec3025438900447bf592188dcbd7c78bddc0929188587,0,170,3000,7872996,162,19,1,13573066,0,100;;
2020-05-17T07:57:57.887Z,69a7c086b68f4739e4aec3025438900447bf592188dcbd7c78bddc0929188587,0,169,3000,7872995,160,19,1,14087571,0,100;;
2020-05-17T07:57:58.887Z,69a7c086b68f4739e4aec3025438900447bf592188dcbd7c78bddc0929188587,0,168,2959,7872995,159,20,1,14602075,0,100;;
2020-05-17T07:57:59.887Z,69a7c086b68f4739e4aec3025438900447bf592188dcbd7c78bddc0929188587,0,168,0,7872997,158,19,1,14878926,0,100;;
2020-05-17T07:58:00.887Z,69a7c086b68f4739e4aec3025438900447bf592188dcbd7c78bddc0929188587,0,168,0,7872996,158,13,1,14878925,0,100;;
2020-05-17T07:58:01.887Z,69a7c086b68f4739e4aec3025438900447bf592188dcbd7c78bddc0929188587,0,168,0,7872996,157,13,1,14878922,0,100;;
2020-05-17T07:58:02.887Z,69a7c086b68f4739e4aec3025438900447bf592188dcbd7c78bddc0929188587,0,168,0,7872995,156,14,1,14878923,0,100;;
2020-05-17T07:58:03.887Z,69a7c086b68f4739e4aec3025438900447bf592188dcbd7c78bddc0929188587,0,168,0,7872995,155,14,1,14878923,0,100;;
2020-05-17T07:58:04.887Z,69a7c086b68f4739e4aec3025438900447bf592188dcbd7c78bddc0929188587,0,168,0,7872995,154,15,1,14878923,0,100;;
2020-05-17T07:58:05.887Z,69a7c086b68f4739e4aec3025438900447bf592188dcbd7c78bddc0929188587,0,168,0,7872995,153,15,1,14878923,0,100;;
2020-05-17T07:58:06.887Z,69a7c086b68f4739e4aec3025438900447bf592188dcbd7c78bddc0929188587,0,168,0,7872995,153,15,1,14878923,0,100;;
2020-05-17T07:58:07.887Z,69a7c086b68f4739e4aec3025438900447bf592188dcbd7c78bddc0929188587,0,169,0,7872995,151,14,1,14878923,0,100;;
2020-05-17T07:58:08.887Z,69a7c086b68f4739e4aec3025438900447bf592188dcbd7c78bddc0929188587,0,169,0,7872995,150,14,1,14878923,0,100;;
2020-05-17T07:58:09.887Z,69a7c086b68f4739e4aec3025438900447bf592188dcbd7c78bddc0929188587,0,169,0,7872995,149,13,1,14878923,0,100;;
2020-05-17T07:58:10.887Z,707d09f2c73d78d49d2e3bb4efa3c2768e2221110662b3ebbc30d237d1e125a1,0,169,0,7872995,148,13,1,14878923,0,100;;
2020-05-17T07:58:11.887Z,707d09f2c73d78d49d2e3bb4efa3c2768e2221110662b3ebbc30d237d1e125a1,0,169,0,7872995,147,13,1,14878923,0,100;;
2020-05-17T07:58:12.887Z,707d09f2c73d78d49d2e3bb4efa3c2768e2221110662b3ebbc30d237d1e125a1,0,169,0,7872995,146,12,1,14878923,0,100;;
2020-05-17T07:58:13.887Z,707d09f2c73d78d49d2e3bb4efa3c2768e2221110662b3ebbc30d237d1e125a1,0,169,0,7872996,146,12,1,14878923,0,100;;
2020-05-17T07:58:14.887Z,707d09f2c73d78d49d2e3bb4efa3c2768e2221110662b3ebbc30d237d1e125a1,0,169,0,7872995,145,12,1,14878923,0,100;;
